--
-- PostgreSQL database dump
--

-- Dumped from database version 17.0 (Ubuntu 17.0-1.pgdg22.04+1)
-- Dumped by pg_dump version 17.0 (Ubuntu 17.0-1.pgdg22.04+1)

SET statement_timeout = 0;
SET lock_timeout = 0;
SET idle_in_transaction_session_timeout = 0;
SET transaction_timeout = 0;
SET client_encoding = 'UTF8';
SET standard_conforming_strings = on;
SELECT pg_catalog.set_config('search_path', '', false);
SET check_function_bodies = false;
SET xmloption = content;
SET client_min_messages = warning;
SET row_security = off;

--
-- Name: emaildeliverytype; Type: TYPE; Schema: public; Owner: superset
--

CREATE TYPE public.emaildeliverytype AS ENUM (
    'attachment',
    'inline'
);


ALTER TYPE public.emaildeliverytype OWNER TO superset;

--
-- Name: objecttype; Type: TYPE; Schema: public; Owner: superset
--

CREATE TYPE public.objecttype AS ENUM (
    'query',
    'chart',
    'dashboard',
    'dataset'
);


ALTER TYPE public.objecttype OWNER TO superset;

--
-- Name: sliceemailreportformat; Type: TYPE; Schema: public; Owner: superset
--

CREATE TYPE public.sliceemailreportformat AS ENUM (
    'visualization',
    'data'
);


ALTER TYPE public.sliceemailreportformat OWNER TO superset;

--
-- Name: tagtype; Type: TYPE; Schema: public; Owner: superset
--

CREATE TYPE public.tagtype AS ENUM (
    'custom',
    'type',
    'owner',
    'favorited_by'
);


ALTER TYPE public.tagtype OWNER TO superset;

SET default_tablespace = '';

SET default_table_access_method = heap;

--
-- Name: ab_permission; Type: TABLE; Schema: public; Owner: superset
--

CREATE TABLE public.ab_permission (
    id integer NOT NULL,
    name character varying(100) NOT NULL
);


ALTER TABLE public.ab_permission OWNER TO superset;

--
-- Name: ab_permission_id_seq; Type: SEQUENCE; Schema: public; Owner: superset
--

CREATE SEQUENCE public.ab_permission_id_seq
    START WITH 1
    INCREMENT BY 1
    NO MINVALUE
    NO MAXVALUE
    CACHE 1;


ALTER SEQUENCE public.ab_permission_id_seq OWNER TO superset;

--
-- Name: ab_permission_view; Type: TABLE; Schema: public; Owner: superset
--

CREATE TABLE public.ab_permission_view (
    id integer NOT NULL,
    permission_id integer,
    view_menu_id integer
);


ALTER TABLE public.ab_permission_view OWNER TO superset;

--
-- Name: ab_permission_view_id_seq; Type: SEQUENCE; Schema: public; Owner: superset
--

CREATE SEQUENCE public.ab_permission_view_id_seq
    START WITH 1
    INCREMENT BY 1
    NO MINVALUE
    NO MAXVALUE
    CACHE 1;


ALTER SEQUENCE public.ab_permission_view_id_seq OWNER TO superset;

--
-- Name: ab_permission_view_role; Type: TABLE; Schema: public; Owner: superset
--

CREATE TABLE public.ab_permission_view_role (
    id integer NOT NULL,
    permission_view_id integer,
    role_id integer
);


ALTER TABLE public.ab_permission_view_role OWNER TO superset;

--
-- Name: ab_permission_view_role_id_seq; Type: SEQUENCE; Schema: public; Owner: superset
--

CREATE SEQUENCE public.ab_permission_view_role_id_seq
    START WITH 1
    INCREMENT BY 1
    NO MINVALUE
    NO MAXVALUE
    CACHE 1;


ALTER SEQUENCE public.ab_permission_view_role_id_seq OWNER TO superset;

--
-- Name: ab_register_user; Type: TABLE; Schema: public; Owner: superset
--

CREATE TABLE public.ab_register_user (
    id integer NOT NULL,
    first_name character varying(64) NOT NULL,
    last_name character varying(64) NOT NULL,
    username character varying(64) NOT NULL,
    password character varying(256),
    email character varying(64) NOT NULL,
    registration_date timestamp without time zone,
    registration_hash character varying(256)
);


ALTER TABLE public.ab_register_user OWNER TO superset;

--
-- Name: ab_register_user_id_seq; Type: SEQUENCE; Schema: public; Owner: superset
--

CREATE SEQUENCE public.ab_register_user_id_seq
    START WITH 1
    INCREMENT BY 1
    NO MINVALUE
    NO MAXVALUE
    CACHE 1;


ALTER SEQUENCE public.ab_register_user_id_seq OWNER TO superset;

--
-- Name: ab_role; Type: TABLE; Schema: public; Owner: superset
--

CREATE TABLE public.ab_role (
    id integer NOT NULL,
    name character varying(64) NOT NULL
);


ALTER TABLE public.ab_role OWNER TO superset;

--
-- Name: ab_role_id_seq; Type: SEQUENCE; Schema: public; Owner: superset
--

CREATE SEQUENCE public.ab_role_id_seq
    START WITH 1
    INCREMENT BY 1
    NO MINVALUE
    NO MAXVALUE
    CACHE 1;


ALTER SEQUENCE public.ab_role_id_seq OWNER TO superset;

--
-- Name: ab_user; Type: TABLE; Schema: public; Owner: superset
--

CREATE TABLE public.ab_user (
    id integer NOT NULL,
    first_name character varying(64) NOT NULL,
    last_name character varying(64) NOT NULL,
    username character varying(64) NOT NULL,
    password character varying(256),
    active boolean,
    email character varying(320) NOT NULL,
    last_login timestamp without time zone,
    login_count integer,
    fail_login_count integer,
    created_on timestamp without time zone,
    changed_on timestamp without time zone,
    created_by_fk integer,
    changed_by_fk integer
);


ALTER TABLE public.ab_user OWNER TO superset;

--
-- Name: ab_user_id_seq; Type: SEQUENCE; Schema: public; Owner: superset
--

CREATE SEQUENCE public.ab_user_id_seq
    START WITH 1
    INCREMENT BY 1
    NO MINVALUE
    NO MAXVALUE
    CACHE 1;


ALTER SEQUENCE public.ab_user_id_seq OWNER TO superset;

--
-- Name: ab_user_role; Type: TABLE; Schema: public; Owner: superset
--

CREATE TABLE public.ab_user_role (
    id integer NOT NULL,
    user_id integer,
    role_id integer
);


ALTER TABLE public.ab_user_role OWNER TO superset;

--
-- Name: ab_user_role_id_seq; Type: SEQUENCE; Schema: public; Owner: superset
--

CREATE SEQUENCE public.ab_user_role_id_seq
    START WITH 1
    INCREMENT BY 1
    NO MINVALUE
    NO MAXVALUE
    CACHE 1;


ALTER SEQUENCE public.ab_user_role_id_seq OWNER TO superset;

--
-- Name: ab_view_menu; Type: TABLE; Schema: public; Owner: superset
--

CREATE TABLE public.ab_view_menu (
    id integer NOT NULL,
    name character varying(255) NOT NULL
);


ALTER TABLE public.ab_view_menu OWNER TO superset;

--
-- Name: ab_view_menu_id_seq; Type: SEQUENCE; Schema: public; Owner: superset
--

CREATE SEQUENCE public.ab_view_menu_id_seq
    START WITH 1
    INCREMENT BY 1
    NO MINVALUE
    NO MAXVALUE
    CACHE 1;


ALTER SEQUENCE public.ab_view_menu_id_seq OWNER TO superset;

--
-- Name: alembic_version; Type: TABLE; Schema: public; Owner: superset
--

CREATE TABLE public.alembic_version (
    version_num character varying(32) NOT NULL
);


ALTER TABLE public.alembic_version OWNER TO superset;

--
-- Name: annotation; Type: TABLE; Schema: public; Owner: superset
--

CREATE TABLE public.annotation (
    created_on timestamp without time zone,
    changed_on timestamp without time zone,
    id integer NOT NULL,
    start_dttm timestamp without time zone,
    end_dttm timestamp without time zone,
    layer_id integer,
    short_descr character varying(500),
    long_descr text,
    changed_by_fk integer,
    created_by_fk integer,
    json_metadata text
);


ALTER TABLE public.annotation OWNER TO superset;

--
-- Name: annotation_id_seq; Type: SEQUENCE; Schema: public; Owner: superset
--

CREATE SEQUENCE public.annotation_id_seq
    AS integer
    START WITH 1
    INCREMENT BY 1
    NO MINVALUE
    NO MAXVALUE
    CACHE 1;


ALTER SEQUENCE public.annotation_id_seq OWNER TO superset;

--
-- Name: annotation_id_seq; Type: SEQUENCE OWNED BY; Schema: public; Owner: superset
--

ALTER SEQUENCE public.annotation_id_seq OWNED BY public.annotation.id;


--
-- Name: annotation_layer; Type: TABLE; Schema: public; Owner: superset
--

CREATE TABLE public.annotation_layer (
    created_on timestamp without time zone,
    changed_on timestamp without time zone,
    id integer NOT NULL,
    name character varying(250),
    descr text,
    changed_by_fk integer,
    created_by_fk integer
);


ALTER TABLE public.annotation_layer OWNER TO superset;

--
-- Name: annotation_layer_id_seq; Type: SEQUENCE; Schema: public; Owner: superset
--

CREATE SEQUENCE public.annotation_layer_id_seq
    AS integer
    START WITH 1
    INCREMENT BY 1
    NO MINVALUE
    NO MAXVALUE
    CACHE 1;


ALTER SEQUENCE public.annotation_layer_id_seq OWNER TO superset;

--
-- Name: annotation_layer_id_seq; Type: SEQUENCE OWNED BY; Schema: public; Owner: superset
--

ALTER SEQUENCE public.annotation_layer_id_seq OWNED BY public.annotation_layer.id;


--
-- Name: cache_keys; Type: TABLE; Schema: public; Owner: superset
--

CREATE TABLE public.cache_keys (
    id integer NOT NULL,
    cache_key character varying(256) NOT NULL,
    cache_timeout integer,
    datasource_uid character varying(64) NOT NULL,
    created_on timestamp without time zone
);


ALTER TABLE public.cache_keys OWNER TO superset;

--
-- Name: cache_keys_id_seq; Type: SEQUENCE; Schema: public; Owner: superset
--

CREATE SEQUENCE public.cache_keys_id_seq
    AS integer
    START WITH 1
    INCREMENT BY 1
    NO MINVALUE
    NO MAXVALUE
    CACHE 1;


ALTER SEQUENCE public.cache_keys_id_seq OWNER TO superset;

--
-- Name: cache_keys_id_seq; Type: SEQUENCE OWNED BY; Schema: public; Owner: superset
--

ALTER SEQUENCE public.cache_keys_id_seq OWNED BY public.cache_keys.id;


--
-- Name: css_templates; Type: TABLE; Schema: public; Owner: superset
--

CREATE TABLE public.css_templates (
    created_on timestamp without time zone,
    changed_on timestamp without time zone,
    id integer NOT NULL,
    template_name character varying(250),
    css text,
    changed_by_fk integer,
    created_by_fk integer
);


ALTER TABLE public.css_templates OWNER TO superset;

--
-- Name: css_templates_id_seq; Type: SEQUENCE; Schema: public; Owner: superset
--

CREATE SEQUENCE public.css_templates_id_seq
    AS integer
    START WITH 1
    INCREMENT BY 1
    NO MINVALUE
    NO MAXVALUE
    CACHE 1;


ALTER SEQUENCE public.css_templates_id_seq OWNER TO superset;

--
-- Name: css_templates_id_seq; Type: SEQUENCE OWNED BY; Schema: public; Owner: superset
--

ALTER SEQUENCE public.css_templates_id_seq OWNED BY public.css_templates.id;


--
-- Name: dashboard_roles; Type: TABLE; Schema: public; Owner: superset
--

CREATE TABLE public.dashboard_roles (
    id integer NOT NULL,
    role_id integer NOT NULL,
    dashboard_id integer
);


ALTER TABLE public.dashboard_roles OWNER TO superset;

--
-- Name: dashboard_roles_id_seq; Type: SEQUENCE; Schema: public; Owner: superset
--

CREATE SEQUENCE public.dashboard_roles_id_seq
    AS integer
    START WITH 1
    INCREMENT BY 1
    NO MINVALUE
    NO MAXVALUE
    CACHE 1;


ALTER SEQUENCE public.dashboard_roles_id_seq OWNER TO superset;

--
-- Name: dashboard_roles_id_seq; Type: SEQUENCE OWNED BY; Schema: public; Owner: superset
--

ALTER SEQUENCE public.dashboard_roles_id_seq OWNED BY public.dashboard_roles.id;


--
-- Name: dashboard_slices; Type: TABLE; Schema: public; Owner: superset
--

CREATE TABLE public.dashboard_slices (
    id integer NOT NULL,
    dashboard_id integer,
    slice_id integer
);


ALTER TABLE public.dashboard_slices OWNER TO superset;

--
-- Name: dashboard_slices_id_seq; Type: SEQUENCE; Schema: public; Owner: superset
--

CREATE SEQUENCE public.dashboard_slices_id_seq
    AS integer
    START WITH 1
    INCREMENT BY 1
    NO MINVALUE
    NO MAXVALUE
    CACHE 1;


ALTER SEQUENCE public.dashboard_slices_id_seq OWNER TO superset;

--
-- Name: dashboard_slices_id_seq; Type: SEQUENCE OWNED BY; Schema: public; Owner: superset
--

ALTER SEQUENCE public.dashboard_slices_id_seq OWNED BY public.dashboard_slices.id;


--
-- Name: dashboard_user; Type: TABLE; Schema: public; Owner: superset
--

CREATE TABLE public.dashboard_user (
    id integer NOT NULL,
    user_id integer,
    dashboard_id integer
);


ALTER TABLE public.dashboard_user OWNER TO superset;

--
-- Name: dashboard_user_id_seq; Type: SEQUENCE; Schema: public; Owner: superset
--

CREATE SEQUENCE public.dashboard_user_id_seq
    AS integer
    START WITH 1
    INCREMENT BY 1
    NO MINVALUE
    NO MAXVALUE
    CACHE 1;


ALTER SEQUENCE public.dashboard_user_id_seq OWNER TO superset;

--
-- Name: dashboard_user_id_seq; Type: SEQUENCE OWNED BY; Schema: public; Owner: superset
--

ALTER SEQUENCE public.dashboard_user_id_seq OWNED BY public.dashboard_user.id;


--
-- Name: dashboards; Type: TABLE; Schema: public; Owner: superset
--

CREATE TABLE public.dashboards (
    created_on timestamp without time zone,
    changed_on timestamp without time zone,
    id integer NOT NULL,
    dashboard_title character varying(500),
    position_json text,
    created_by_fk integer,
    changed_by_fk integer,
    css text,
    description text,
    slug character varying(255),
    json_metadata text,
    published boolean,
    uuid uuid,
    certified_by text,
    certification_details text,
    is_managed_externally boolean DEFAULT false NOT NULL,
    external_url text
);


ALTER TABLE public.dashboards OWNER TO superset;

--
-- Name: dashboards_id_seq; Type: SEQUENCE; Schema: public; Owner: superset
--

CREATE SEQUENCE public.dashboards_id_seq
    AS integer
    START WITH 1
    INCREMENT BY 1
    NO MINVALUE
    NO MAXVALUE
    CACHE 1;


ALTER SEQUENCE public.dashboards_id_seq OWNER TO superset;

--
-- Name: dashboards_id_seq; Type: SEQUENCE OWNED BY; Schema: public; Owner: superset
--

ALTER SEQUENCE public.dashboards_id_seq OWNED BY public.dashboards.id;


--
-- Name: dbs; Type: TABLE; Schema: public; Owner: superset
--

CREATE TABLE public.dbs (
    created_on timestamp without time zone,
    changed_on timestamp without time zone,
    id integer NOT NULL,
    database_name character varying(250) NOT NULL,
    sqlalchemy_uri character varying(1024) NOT NULL,
    created_by_fk integer,
    changed_by_fk integer,
    password bytea,
    cache_timeout integer,
    extra text,
    select_as_create_table_as boolean,
    allow_ctas boolean,
    expose_in_sqllab boolean,
    force_ctas_schema character varying(250),
    allow_run_async boolean,
    allow_dml boolean,
    verbose_name character varying(250),
    impersonate_user boolean,
    allow_file_upload boolean DEFAULT true NOT NULL,
    encrypted_extra bytea,
    server_cert bytea,
    allow_cvas boolean,
    uuid uuid,
    configuration_method character varying(255) DEFAULT 'sqlalchemy_form'::character varying,
    is_managed_externally boolean DEFAULT false NOT NULL,
    external_url text
);


ALTER TABLE public.dbs OWNER TO superset;

--
-- Name: dbs_id_seq; Type: SEQUENCE; Schema: public; Owner: superset
--

CREATE SEQUENCE public.dbs_id_seq
    AS integer
    START WITH 1
    INCREMENT BY 1
    NO MINVALUE
    NO MAXVALUE
    CACHE 1;


ALTER SEQUENCE public.dbs_id_seq OWNER TO superset;

--
-- Name: dbs_id_seq; Type: SEQUENCE OWNED BY; Schema: public; Owner: superset
--

ALTER SEQUENCE public.dbs_id_seq OWNED BY public.dbs.id;


--
-- Name: dynamic_plugin; Type: TABLE; Schema: public; Owner: superset
--

CREATE TABLE public.dynamic_plugin (
    created_on timestamp without time zone,
    changed_on timestamp without time zone,
    id integer NOT NULL,
    name character varying(50) NOT NULL,
    key character varying(50) NOT NULL,
    bundle_url character varying(1000) NOT NULL,
    created_by_fk integer,
    changed_by_fk integer
);


ALTER TABLE public.dynamic_plugin OWNER TO superset;

--
-- Name: dynamic_plugin_id_seq; Type: SEQUENCE; Schema: public; Owner: superset
--

CREATE SEQUENCE public.dynamic_plugin_id_seq
    AS integer
    START WITH 1
    INCREMENT BY 1
    NO MINVALUE
    NO MAXVALUE
    CACHE 1;


ALTER SEQUENCE public.dynamic_plugin_id_seq OWNER TO superset;

--
-- Name: dynamic_plugin_id_seq; Type: SEQUENCE OWNED BY; Schema: public; Owner: superset
--

ALTER SEQUENCE public.dynamic_plugin_id_seq OWNED BY public.dynamic_plugin.id;


--
-- Name: embedded_dashboards; Type: TABLE; Schema: public; Owner: superset
--

CREATE TABLE public.embedded_dashboards (
    created_on timestamp without time zone,
    changed_on timestamp without time zone,
    allow_domain_list text,
    uuid uuid,
    dashboard_id integer NOT NULL,
    changed_by_fk integer,
    created_by_fk integer
);


ALTER TABLE public.embedded_dashboards OWNER TO superset;

--
-- Name: favstar; Type: TABLE; Schema: public; Owner: superset
--

CREATE TABLE public.favstar (
    id integer NOT NULL,
    user_id integer,
    class_name character varying(50),
    obj_id integer,
    dttm timestamp without time zone
);


ALTER TABLE public.favstar OWNER TO superset;

--
-- Name: favstar_id_seq; Type: SEQUENCE; Schema: public; Owner: superset
--

CREATE SEQUENCE public.favstar_id_seq
    AS integer
    START WITH 1
    INCREMENT BY 1
    NO MINVALUE
    NO MAXVALUE
    CACHE 1;


ALTER SEQUENCE public.favstar_id_seq OWNER TO superset;

--
-- Name: favstar_id_seq; Type: SEQUENCE OWNED BY; Schema: public; Owner: superset
--

ALTER SEQUENCE public.favstar_id_seq OWNED BY public.favstar.id;


--
-- Name: key_value; Type: TABLE; Schema: public; Owner: superset
--

CREATE TABLE public.key_value (
    id integer NOT NULL,
    resource character varying(32) NOT NULL,
    value bytea NOT NULL,
    uuid uuid,
    created_on timestamp without time zone,
    created_by_fk integer,
    changed_on timestamp without time zone,
    changed_by_fk integer,
    expires_on timestamp without time zone
);


ALTER TABLE public.key_value OWNER TO superset;

--
-- Name: key_value_id_seq; Type: SEQUENCE; Schema: public; Owner: superset
--

CREATE SEQUENCE public.key_value_id_seq
    AS integer
    START WITH 1
    INCREMENT BY 1
    NO MINVALUE
    NO MAXVALUE
    CACHE 1;


ALTER SEQUENCE public.key_value_id_seq OWNER TO superset;

--
-- Name: key_value_id_seq; Type: SEQUENCE OWNED BY; Schema: public; Owner: superset
--

ALTER SEQUENCE public.key_value_id_seq OWNED BY public.key_value.id;


--
-- Name: keyvalue; Type: TABLE; Schema: public; Owner: superset
--

CREATE TABLE public.keyvalue (
    id integer NOT NULL,
    value text NOT NULL
);


ALTER TABLE public.keyvalue OWNER TO superset;

--
-- Name: keyvalue_id_seq; Type: SEQUENCE; Schema: public; Owner: superset
--

CREATE SEQUENCE public.keyvalue_id_seq
    AS integer
    START WITH 1
    INCREMENT BY 1
    NO MINVALUE
    NO MAXVALUE
    CACHE 1;


ALTER SEQUENCE public.keyvalue_id_seq OWNER TO superset;

--
-- Name: keyvalue_id_seq; Type: SEQUENCE OWNED BY; Schema: public; Owner: superset
--

ALTER SEQUENCE public.keyvalue_id_seq OWNED BY public.keyvalue.id;


--
-- Name: logs; Type: TABLE; Schema: public; Owner: superset
--

CREATE TABLE public.logs (
    id integer NOT NULL,
    action character varying(512),
    user_id integer,
    "json" text,
    dttm timestamp without time zone,
    dashboard_id integer,
    slice_id integer,
    duration_ms integer,
    referrer character varying(1024)
);


ALTER TABLE public.logs OWNER TO superset;

--
-- Name: logs_id_seq; Type: SEQUENCE; Schema: public; Owner: superset
--

CREATE SEQUENCE public.logs_id_seq
    AS integer
    START WITH 1
    INCREMENT BY 1
    NO MINVALUE
    NO MAXVALUE
    CACHE 1;


ALTER SEQUENCE public.logs_id_seq OWNER TO superset;

--
-- Name: logs_id_seq; Type: SEQUENCE OWNED BY; Schema: public; Owner: superset
--

ALTER SEQUENCE public.logs_id_seq OWNED BY public.logs.id;


--
-- Name: query; Type: TABLE; Schema: public; Owner: superset
--

CREATE TABLE public.query (
    id integer NOT NULL,
    client_id character varying(11) NOT NULL,
    database_id integer NOT NULL,
    tmp_table_name character varying(256),
    tab_name character varying(256),
    sql_editor_id character varying(256),
    user_id integer,
    status character varying(16),
    schema character varying(256),
    sql text,
    select_sql text,
    executed_sql text,
    "limit" integer,
    select_as_cta boolean,
    select_as_cta_used boolean,
    progress integer,
    rows integer,
    error_message text,
    start_time numeric(20,6),
    changed_on timestamp without time zone,
    end_time numeric(20,6),
    results_key character varying(64),
    start_running_time numeric(20,6),
    end_result_backend_time numeric(20,6),
    tracking_url text,
    extra_json text,
    tmp_schema_name character varying(256),
    ctas_method character varying(16),
    limiting_factor character varying(255) DEFAULT 'UNKNOWN'::character varying
);


ALTER TABLE public.query OWNER TO superset;

--
-- Name: query_id_seq; Type: SEQUENCE; Schema: public; Owner: superset
--

CREATE SEQUENCE public.query_id_seq
    AS integer
    START WITH 1
    INCREMENT BY 1
    NO MINVALUE
    NO MAXVALUE
    CACHE 1;


ALTER SEQUENCE public.query_id_seq OWNER TO superset;

--
-- Name: query_id_seq; Type: SEQUENCE OWNED BY; Schema: public; Owner: superset
--

ALTER SEQUENCE public.query_id_seq OWNED BY public.query.id;


--
-- Name: report_execution_log; Type: TABLE; Schema: public; Owner: superset
--

CREATE TABLE public.report_execution_log (
    id integer NOT NULL,
    scheduled_dttm timestamp without time zone NOT NULL,
    start_dttm timestamp without time zone,
    end_dttm timestamp without time zone,
    value double precision,
    value_row_json text,
    state character varying(50) NOT NULL,
    error_message text,
    report_schedule_id integer NOT NULL,
    uuid uuid
);


ALTER TABLE public.report_execution_log OWNER TO superset;

--
-- Name: report_execution_log_id_seq; Type: SEQUENCE; Schema: public; Owner: superset
--

CREATE SEQUENCE public.report_execution_log_id_seq
    AS integer
    START WITH 1
    INCREMENT BY 1
    NO MINVALUE
    NO MAXVALUE
    CACHE 1;


ALTER SEQUENCE public.report_execution_log_id_seq OWNER TO superset;

--
-- Name: report_execution_log_id_seq; Type: SEQUENCE OWNED BY; Schema: public; Owner: superset
--

ALTER SEQUENCE public.report_execution_log_id_seq OWNED BY public.report_execution_log.id;


--
-- Name: report_recipient; Type: TABLE; Schema: public; Owner: superset
--

CREATE TABLE public.report_recipient (
    id integer NOT NULL,
    type character varying(50) NOT NULL,
    recipient_config_json text,
    report_schedule_id integer NOT NULL,
    created_on timestamp without time zone,
    changed_on timestamp without time zone,
    created_by_fk integer,
    changed_by_fk integer
);


ALTER TABLE public.report_recipient OWNER TO superset;

--
-- Name: report_recipient_id_seq; Type: SEQUENCE; Schema: public; Owner: superset
--

CREATE SEQUENCE public.report_recipient_id_seq
    AS integer
    START WITH 1
    INCREMENT BY 1
    NO MINVALUE
    NO MAXVALUE
    CACHE 1;


ALTER SEQUENCE public.report_recipient_id_seq OWNER TO superset;

--
-- Name: report_recipient_id_seq; Type: SEQUENCE OWNED BY; Schema: public; Owner: superset
--

ALTER SEQUENCE public.report_recipient_id_seq OWNED BY public.report_recipient.id;


--
-- Name: report_schedule; Type: TABLE; Schema: public; Owner: superset
--

CREATE TABLE public.report_schedule (
    id integer NOT NULL,
    type character varying(50) NOT NULL,
    name character varying(150) NOT NULL,
    description text,
    context_markdown text,
    active boolean,
    crontab character varying(1000) NOT NULL,
    sql text,
    chart_id integer,
    dashboard_id integer,
    database_id integer,
    last_eval_dttm timestamp without time zone,
    last_state character varying(50),
    last_value double precision,
    last_value_row_json text,
    validator_type character varying(100),
    validator_config_json text,
    log_retention integer,
    grace_period integer,
    created_on timestamp without time zone,
    changed_on timestamp without time zone,
    created_by_fk integer,
    changed_by_fk integer,
    working_timeout integer,
    report_format character varying(50) DEFAULT 'PNG'::character varying,
    creation_method character varying(255) DEFAULT 'alerts_reports'::character varying,
    timezone character varying(100) DEFAULT 'UTC'::character varying NOT NULL,
    extra_json text NOT NULL,
    force_screenshot boolean,
    custom_width integer,
    custom_height integer
);


ALTER TABLE public.report_schedule OWNER TO superset;

--
-- Name: report_schedule_id_seq; Type: SEQUENCE; Schema: public; Owner: superset
--

CREATE SEQUENCE public.report_schedule_id_seq
    AS integer
    START WITH 1
    INCREMENT BY 1
    NO MINVALUE
    NO MAXVALUE
    CACHE 1;


ALTER SEQUENCE public.report_schedule_id_seq OWNER TO superset;

--
-- Name: report_schedule_id_seq; Type: SEQUENCE OWNED BY; Schema: public; Owner: superset
--

ALTER SEQUENCE public.report_schedule_id_seq OWNED BY public.report_schedule.id;


--
-- Name: report_schedule_user; Type: TABLE; Schema: public; Owner: superset
--

CREATE TABLE public.report_schedule_user (
    id integer NOT NULL,
    user_id integer NOT NULL,
    report_schedule_id integer NOT NULL
);


ALTER TABLE public.report_schedule_user OWNER TO superset;

--
-- Name: report_schedule_user_id_seq; Type: SEQUENCE; Schema: public; Owner: superset
--

CREATE SEQUENCE public.report_schedule_user_id_seq
    AS integer
    START WITH 1
    INCREMENT BY 1
    NO MINVALUE
    NO MAXVALUE
    CACHE 1;


ALTER SEQUENCE public.report_schedule_user_id_seq OWNER TO superset;

--
-- Name: report_schedule_user_id_seq; Type: SEQUENCE OWNED BY; Schema: public; Owner: superset
--

ALTER SEQUENCE public.report_schedule_user_id_seq OWNED BY public.report_schedule_user.id;


--
-- Name: rls_filter_roles; Type: TABLE; Schema: public; Owner: superset
--

CREATE TABLE public.rls_filter_roles (
    id integer NOT NULL,
    role_id integer NOT NULL,
    rls_filter_id integer
);


ALTER TABLE public.rls_filter_roles OWNER TO superset;

--
-- Name: rls_filter_roles_id_seq; Type: SEQUENCE; Schema: public; Owner: superset
--

CREATE SEQUENCE public.rls_filter_roles_id_seq
    AS integer
    START WITH 1
    INCREMENT BY 1
    NO MINVALUE
    NO MAXVALUE
    CACHE 1;


ALTER SEQUENCE public.rls_filter_roles_id_seq OWNER TO superset;

--
-- Name: rls_filter_roles_id_seq; Type: SEQUENCE OWNED BY; Schema: public; Owner: superset
--

ALTER SEQUENCE public.rls_filter_roles_id_seq OWNED BY public.rls_filter_roles.id;


--
-- Name: rls_filter_tables; Type: TABLE; Schema: public; Owner: superset
--

CREATE TABLE public.rls_filter_tables (
    id integer NOT NULL,
    table_id integer,
    rls_filter_id integer
);


ALTER TABLE public.rls_filter_tables OWNER TO superset;

--
-- Name: rls_filter_tables_id_seq; Type: SEQUENCE; Schema: public; Owner: superset
--

CREATE SEQUENCE public.rls_filter_tables_id_seq
    AS integer
    START WITH 1
    INCREMENT BY 1
    NO MINVALUE
    NO MAXVALUE
    CACHE 1;


ALTER SEQUENCE public.rls_filter_tables_id_seq OWNER TO superset;

--
-- Name: rls_filter_tables_id_seq; Type: SEQUENCE OWNED BY; Schema: public; Owner: superset
--

ALTER SEQUENCE public.rls_filter_tables_id_seq OWNED BY public.rls_filter_tables.id;


--
-- Name: row_level_security_filters; Type: TABLE; Schema: public; Owner: superset
--

CREATE TABLE public.row_level_security_filters (
    created_on timestamp without time zone,
    changed_on timestamp without time zone,
    id integer NOT NULL,
    clause text NOT NULL,
    created_by_fk integer,
    changed_by_fk integer,
    filter_type character varying(255),
    group_key character varying(255),
    name character varying(255) NOT NULL,
    description text
);


ALTER TABLE public.row_level_security_filters OWNER TO superset;

--
-- Name: row_level_security_filters_id_seq; Type: SEQUENCE; Schema: public; Owner: superset
--

CREATE SEQUENCE public.row_level_security_filters_id_seq
    AS integer
    START WITH 1
    INCREMENT BY 1
    NO MINVALUE
    NO MAXVALUE
    CACHE 1;


ALTER SEQUENCE public.row_level_security_filters_id_seq OWNER TO superset;

--
-- Name: row_level_security_filters_id_seq; Type: SEQUENCE OWNED BY; Schema: public; Owner: superset
--

ALTER SEQUENCE public.row_level_security_filters_id_seq OWNED BY public.row_level_security_filters.id;


--
-- Name: saved_query; Type: TABLE; Schema: public; Owner: superset
--

CREATE TABLE public.saved_query (
    created_on timestamp without time zone,
    changed_on timestamp without time zone,
    id integer NOT NULL,
    user_id integer,
    db_id integer,
    label character varying(256),
    schema character varying(128),
    sql text,
    description text,
    changed_by_fk integer,
    created_by_fk integer,
    extra_json text,
    last_run timestamp without time zone,
    rows integer,
    uuid uuid,
    template_parameters text
);


ALTER TABLE public.saved_query OWNER TO superset;

--
-- Name: saved_query_id_seq; Type: SEQUENCE; Schema: public; Owner: superset
--

CREATE SEQUENCE public.saved_query_id_seq
    AS integer
    START WITH 1
    INCREMENT BY 1
    NO MINVALUE
    NO MAXVALUE
    CACHE 1;


ALTER SEQUENCE public.saved_query_id_seq OWNER TO superset;

--
-- Name: saved_query_id_seq; Type: SEQUENCE OWNED BY; Schema: public; Owner: superset
--

ALTER SEQUENCE public.saved_query_id_seq OWNED BY public.saved_query.id;


--
-- Name: sl_columns; Type: TABLE; Schema: public; Owner: superset
--

CREATE TABLE public.sl_columns (
    uuid uuid,
    created_on timestamp without time zone,
    changed_on timestamp without time zone,
    id integer NOT NULL,
    is_aggregation boolean NOT NULL,
    is_additive boolean NOT NULL,
    is_dimensional boolean NOT NULL,
    is_filterable boolean NOT NULL,
    is_increase_desired boolean NOT NULL,
    is_managed_externally boolean NOT NULL,
    is_partition boolean NOT NULL,
    is_physical boolean NOT NULL,
    is_temporal boolean NOT NULL,
    is_spatial boolean NOT NULL,
    name text,
    type text,
    unit text,
    expression text,
    description text,
    warning_text text,
    external_url text,
    extra_json text,
    created_by_fk integer,
    changed_by_fk integer,
    advanced_data_type text
);


ALTER TABLE public.sl_columns OWNER TO superset;

--
-- Name: sl_columns_id_seq; Type: SEQUENCE; Schema: public; Owner: superset
--

CREATE SEQUENCE public.sl_columns_id_seq
    AS integer
    START WITH 1
    INCREMENT BY 1
    NO MINVALUE
    NO MAXVALUE
    CACHE 1;


ALTER SEQUENCE public.sl_columns_id_seq OWNER TO superset;

--
-- Name: sl_columns_id_seq; Type: SEQUENCE OWNED BY; Schema: public; Owner: superset
--

ALTER SEQUENCE public.sl_columns_id_seq OWNED BY public.sl_columns.id;


--
-- Name: sl_dataset_columns; Type: TABLE; Schema: public; Owner: superset
--

CREATE TABLE public.sl_dataset_columns (
    dataset_id integer NOT NULL,
    column_id integer NOT NULL
);


ALTER TABLE public.sl_dataset_columns OWNER TO superset;

--
-- Name: sl_dataset_tables; Type: TABLE; Schema: public; Owner: superset
--

CREATE TABLE public.sl_dataset_tables (
    dataset_id integer NOT NULL,
    table_id integer NOT NULL
);


ALTER TABLE public.sl_dataset_tables OWNER TO superset;

--
-- Name: sl_dataset_users; Type: TABLE; Schema: public; Owner: superset
--

CREATE TABLE public.sl_dataset_users (
    dataset_id integer NOT NULL,
    user_id integer NOT NULL
);


ALTER TABLE public.sl_dataset_users OWNER TO superset;

--
-- Name: sl_datasets; Type: TABLE; Schema: public; Owner: superset
--

CREATE TABLE public.sl_datasets (
    uuid uuid,
    created_on timestamp without time zone,
    changed_on timestamp without time zone,
    id integer NOT NULL,
    database_id integer NOT NULL,
    is_physical boolean,
    is_managed_externally boolean NOT NULL,
    name text,
    expression text,
    external_url text,
    extra_json text,
    created_by_fk integer,
    changed_by_fk integer
);


ALTER TABLE public.sl_datasets OWNER TO superset;

--
-- Name: sl_datasets_id_seq; Type: SEQUENCE; Schema: public; Owner: superset
--

CREATE SEQUENCE public.sl_datasets_id_seq
    AS integer
    START WITH 1
    INCREMENT BY 1
    NO MINVALUE
    NO MAXVALUE
    CACHE 1;


ALTER SEQUENCE public.sl_datasets_id_seq OWNER TO superset;

--
-- Name: sl_datasets_id_seq; Type: SEQUENCE OWNED BY; Schema: public; Owner: superset
--

ALTER SEQUENCE public.sl_datasets_id_seq OWNED BY public.sl_datasets.id;


--
-- Name: sl_table_columns; Type: TABLE; Schema: public; Owner: superset
--

CREATE TABLE public.sl_table_columns (
    table_id integer NOT NULL,
    column_id integer NOT NULL
);


ALTER TABLE public.sl_table_columns OWNER TO superset;

--
-- Name: sl_tables; Type: TABLE; Schema: public; Owner: superset
--

CREATE TABLE public.sl_tables (
    uuid uuid,
    created_on timestamp without time zone,
    changed_on timestamp without time zone,
    id integer NOT NULL,
    database_id integer NOT NULL,
    is_managed_externally boolean NOT NULL,
    catalog text,
    schema text,
    name text,
    external_url text,
    extra_json text,
    created_by_fk integer,
    changed_by_fk integer
);


ALTER TABLE public.sl_tables OWNER TO superset;

--
-- Name: sl_tables_id_seq; Type: SEQUENCE; Schema: public; Owner: superset
--

CREATE SEQUENCE public.sl_tables_id_seq
    AS integer
    START WITH 1
    INCREMENT BY 1
    NO MINVALUE
    NO MAXVALUE
    CACHE 1;


ALTER SEQUENCE public.sl_tables_id_seq OWNER TO superset;

--
-- Name: sl_tables_id_seq; Type: SEQUENCE OWNED BY; Schema: public; Owner: superset
--

ALTER SEQUENCE public.sl_tables_id_seq OWNED BY public.sl_tables.id;


--
-- Name: slice_user; Type: TABLE; Schema: public; Owner: superset
--

CREATE TABLE public.slice_user (
    id integer NOT NULL,
    user_id integer,
    slice_id integer
);


ALTER TABLE public.slice_user OWNER TO superset;

--
-- Name: slice_user_id_seq; Type: SEQUENCE; Schema: public; Owner: superset
--

CREATE SEQUENCE public.slice_user_id_seq
    AS integer
    START WITH 1
    INCREMENT BY 1
    NO MINVALUE
    NO MAXVALUE
    CACHE 1;


ALTER SEQUENCE public.slice_user_id_seq OWNER TO superset;

--
-- Name: slice_user_id_seq; Type: SEQUENCE OWNED BY; Schema: public; Owner: superset
--

ALTER SEQUENCE public.slice_user_id_seq OWNED BY public.slice_user.id;


--
-- Name: slices; Type: TABLE; Schema: public; Owner: superset
--

CREATE TABLE public.slices (
    created_on timestamp without time zone,
    changed_on timestamp without time zone,
    id integer NOT NULL,
    slice_name character varying(250),
    datasource_type character varying(200),
    datasource_name character varying(2000),
    viz_type character varying(250),
    params text,
    created_by_fk integer,
    changed_by_fk integer,
    description text,
    cache_timeout integer,
    perm character varying(2000),
    datasource_id integer,
    schema_perm character varying(1000),
    uuid uuid,
    query_context text,
    last_saved_at timestamp without time zone,
    last_saved_by_fk integer,
    certified_by text,
    certification_details text,
    is_managed_externally boolean DEFAULT false NOT NULL,
    external_url text,
    CONSTRAINT ck_chart_datasource CHECK (((datasource_type)::text = 'table'::text))
);


ALTER TABLE public.slices OWNER TO superset;

--
-- Name: slices_id_seq; Type: SEQUENCE; Schema: public; Owner: superset
--

CREATE SEQUENCE public.slices_id_seq
    AS integer
    START WITH 1
    INCREMENT BY 1
    NO MINVALUE
    NO MAXVALUE
    CACHE 1;


ALTER SEQUENCE public.slices_id_seq OWNER TO superset;

--
-- Name: slices_id_seq; Type: SEQUENCE OWNED BY; Schema: public; Owner: superset
--

ALTER SEQUENCE public.slices_id_seq OWNED BY public.slices.id;


--
-- Name: sql_metrics; Type: TABLE; Schema: public; Owner: superset
--

CREATE TABLE public.sql_metrics (
    created_on timestamp without time zone,
    changed_on timestamp without time zone,
    id integer NOT NULL,
    metric_name character varying(255) NOT NULL,
    verbose_name character varying(1024),
    metric_type character varying(32),
    table_id integer,
    expression text NOT NULL,
    description text,
    created_by_fk integer,
    changed_by_fk integer,
    d3format character varying(128),
    warning_text text,
    extra text,
    uuid uuid,
    currency character varying(128)
);


ALTER TABLE public.sql_metrics OWNER TO superset;

--
-- Name: sql_metrics_id_seq; Type: SEQUENCE; Schema: public; Owner: superset
--

CREATE SEQUENCE public.sql_metrics_id_seq
    AS integer
    START WITH 1
    INCREMENT BY 1
    NO MINVALUE
    NO MAXVALUE
    CACHE 1;


ALTER SEQUENCE public.sql_metrics_id_seq OWNER TO superset;

--
-- Name: sql_metrics_id_seq; Type: SEQUENCE OWNED BY; Schema: public; Owner: superset
--

ALTER SEQUENCE public.sql_metrics_id_seq OWNED BY public.sql_metrics.id;


--
-- Name: sqlatable_user; Type: TABLE; Schema: public; Owner: superset
--

CREATE TABLE public.sqlatable_user (
    id integer NOT NULL,
    user_id integer,
    table_id integer
);


ALTER TABLE public.sqlatable_user OWNER TO superset;

--
-- Name: sqlatable_user_id_seq; Type: SEQUENCE; Schema: public; Owner: superset
--

CREATE SEQUENCE public.sqlatable_user_id_seq
    AS integer
    START WITH 1
    INCREMENT BY 1
    NO MINVALUE
    NO MAXVALUE
    CACHE 1;


ALTER SEQUENCE public.sqlatable_user_id_seq OWNER TO superset;

--
-- Name: sqlatable_user_id_seq; Type: SEQUENCE OWNED BY; Schema: public; Owner: superset
--

ALTER SEQUENCE public.sqlatable_user_id_seq OWNED BY public.sqlatable_user.id;


--
-- Name: ssh_tunnels; Type: TABLE; Schema: public; Owner: superset
--

CREATE TABLE public.ssh_tunnels (
    created_on timestamp without time zone,
    changed_on timestamp without time zone,
    created_by_fk integer,
    changed_by_fk integer,
    extra_json text,
    uuid uuid,
    id integer NOT NULL,
    database_id integer,
    server_address character varying(256),
    server_port integer,
    username bytea,
    password bytea,
    private_key bytea,
    private_key_password bytea
);


ALTER TABLE public.ssh_tunnels OWNER TO superset;

--
-- Name: ssh_tunnels_id_seq; Type: SEQUENCE; Schema: public; Owner: superset
--

CREATE SEQUENCE public.ssh_tunnels_id_seq
    AS integer
    START WITH 1
    INCREMENT BY 1
    NO MINVALUE
    NO MAXVALUE
    CACHE 1;


ALTER SEQUENCE public.ssh_tunnels_id_seq OWNER TO superset;

--
-- Name: ssh_tunnels_id_seq; Type: SEQUENCE OWNED BY; Schema: public; Owner: superset
--

ALTER SEQUENCE public.ssh_tunnels_id_seq OWNED BY public.ssh_tunnels.id;


--
-- Name: tab_state; Type: TABLE; Schema: public; Owner: superset
--

CREATE TABLE public.tab_state (
    created_on timestamp without time zone,
    changed_on timestamp without time zone,
    extra_json text,
    id integer NOT NULL,
    user_id integer,
    label character varying(256),
    active boolean,
    database_id integer,
    schema character varying(256),
    sql text,
    query_limit integer,
    latest_query_id character varying(11),
    autorun boolean NOT NULL,
    template_params text,
    created_by_fk integer,
    changed_by_fk integer,
    hide_left_bar boolean DEFAULT false NOT NULL,
    saved_query_id integer
);


ALTER TABLE public.tab_state OWNER TO superset;

--
-- Name: tab_state_id_seq; Type: SEQUENCE; Schema: public; Owner: superset
--

CREATE SEQUENCE public.tab_state_id_seq
    AS integer
    START WITH 1
    INCREMENT BY 1
    NO MINVALUE
    NO MAXVALUE
    CACHE 1;


ALTER SEQUENCE public.tab_state_id_seq OWNER TO superset;

--
-- Name: tab_state_id_seq; Type: SEQUENCE OWNED BY; Schema: public; Owner: superset
--

ALTER SEQUENCE public.tab_state_id_seq OWNED BY public.tab_state.id;


--
-- Name: table_columns; Type: TABLE; Schema: public; Owner: superset
--

CREATE TABLE public.table_columns (
    created_on timestamp without time zone,
    changed_on timestamp without time zone,
    id integer NOT NULL,
    table_id integer,
    column_name character varying(255) NOT NULL,
    is_dttm boolean,
    is_active boolean,
    type text,
    groupby boolean,
    filterable boolean,
    description text,
    created_by_fk integer,
    changed_by_fk integer,
    expression text,
    verbose_name character varying(1024),
    python_date_format character varying(255),
    uuid uuid,
    extra text,
    advanced_data_type character varying(255)
);


ALTER TABLE public.table_columns OWNER TO superset;

--
-- Name: table_columns_id_seq; Type: SEQUENCE; Schema: public; Owner: superset
--

CREATE SEQUENCE public.table_columns_id_seq
    AS integer
    START WITH 1
    INCREMENT BY 1
    NO MINVALUE
    NO MAXVALUE
    CACHE 1;


ALTER SEQUENCE public.table_columns_id_seq OWNER TO superset;

--
-- Name: table_columns_id_seq; Type: SEQUENCE OWNED BY; Schema: public; Owner: superset
--

ALTER SEQUENCE public.table_columns_id_seq OWNED BY public.table_columns.id;


--
-- Name: table_schema; Type: TABLE; Schema: public; Owner: superset
--

CREATE TABLE public.table_schema (
    created_on timestamp without time zone,
    changed_on timestamp without time zone,
    extra_json text,
    id integer NOT NULL,
    tab_state_id integer,
    database_id integer NOT NULL,
    schema character varying(256),
    "table" character varying(256),
    description text,
    expanded boolean,
    created_by_fk integer,
    changed_by_fk integer
);


ALTER TABLE public.table_schema OWNER TO superset;

--
-- Name: table_schema_id_seq; Type: SEQUENCE; Schema: public; Owner: superset
--

CREATE SEQUENCE public.table_schema_id_seq
    AS integer
    START WITH 1
    INCREMENT BY 1
    NO MINVALUE
    NO MAXVALUE
    CACHE 1;


ALTER SEQUENCE public.table_schema_id_seq OWNER TO superset;

--
-- Name: table_schema_id_seq; Type: SEQUENCE OWNED BY; Schema: public; Owner: superset
--

ALTER SEQUENCE public.table_schema_id_seq OWNED BY public.table_schema.id;


--
-- Name: tables; Type: TABLE; Schema: public; Owner: superset
--

CREATE TABLE public.tables (
    created_on timestamp without time zone,
    changed_on timestamp without time zone,
    id integer NOT NULL,
    table_name character varying(250) NOT NULL,
    main_dttm_col character varying(250),
    default_endpoint text,
    database_id integer NOT NULL,
    created_by_fk integer,
    changed_by_fk integer,
    "offset" integer,
    description text,
    is_featured boolean,
    cache_timeout integer,
    schema character varying(255),
    sql text,
    params text,
    perm character varying(1000),
    filter_select_enabled boolean,
    fetch_values_predicate text,
    is_sqllab_view boolean DEFAULT false,
    template_params text,
    schema_perm character varying(1000),
    extra text,
    uuid uuid,
    is_managed_externally boolean DEFAULT false NOT NULL,
    external_url text,
    normalize_columns boolean DEFAULT false,
    always_filter_main_dttm boolean DEFAULT false
);


ALTER TABLE public.tables OWNER TO superset;

--
-- Name: tables_id_seq; Type: SEQUENCE; Schema: public; Owner: superset
--

CREATE SEQUENCE public.tables_id_seq
    AS integer
    START WITH 1
    INCREMENT BY 1
    NO MINVALUE
    NO MAXVALUE
    CACHE 1;


ALTER SEQUENCE public.tables_id_seq OWNER TO superset;

--
-- Name: tables_id_seq; Type: SEQUENCE OWNED BY; Schema: public; Owner: superset
--

ALTER SEQUENCE public.tables_id_seq OWNED BY public.tables.id;


--
-- Name: tag; Type: TABLE; Schema: public; Owner: superset
--

CREATE TABLE public.tag (
    created_on timestamp without time zone,
    changed_on timestamp without time zone,
    id integer NOT NULL,
    name character varying(250),
    type character varying,
    created_by_fk integer,
    changed_by_fk integer,
    description text
);


ALTER TABLE public.tag OWNER TO superset;

--
-- Name: tag_id_seq; Type: SEQUENCE; Schema: public; Owner: superset
--

CREATE SEQUENCE public.tag_id_seq
    AS integer
    START WITH 1
    INCREMENT BY 1
    NO MINVALUE
    NO MAXVALUE
    CACHE 1;


ALTER SEQUENCE public.tag_id_seq OWNER TO superset;

--
-- Name: tag_id_seq; Type: SEQUENCE OWNED BY; Schema: public; Owner: superset
--

ALTER SEQUENCE public.tag_id_seq OWNED BY public.tag.id;


--
-- Name: tagged_object; Type: TABLE; Schema: public; Owner: superset
--

CREATE TABLE public.tagged_object (
    created_on timestamp without time zone,
    changed_on timestamp without time zone,
    id integer NOT NULL,
    tag_id integer,
    object_id integer,
    object_type character varying,
    created_by_fk integer,
    changed_by_fk integer
);


ALTER TABLE public.tagged_object OWNER TO superset;

--
-- Name: tagged_object_id_seq; Type: SEQUENCE; Schema: public; Owner: superset
--

CREATE SEQUENCE public.tagged_object_id_seq
    AS integer
    START WITH 1
    INCREMENT BY 1
    NO MINVALUE
    NO MAXVALUE
    CACHE 1;


ALTER SEQUENCE public.tagged_object_id_seq OWNER TO superset;

--
-- Name: tagged_object_id_seq; Type: SEQUENCE OWNED BY; Schema: public; Owner: superset
--

ALTER SEQUENCE public.tagged_object_id_seq OWNED BY public.tagged_object.id;


--
-- Name: user_attribute; Type: TABLE; Schema: public; Owner: superset
--

CREATE TABLE public.user_attribute (
    created_on timestamp without time zone,
    changed_on timestamp without time zone,
    id integer NOT NULL,
    user_id integer,
    welcome_dashboard_id integer,
    created_by_fk integer,
    changed_by_fk integer
);


ALTER TABLE public.user_attribute OWNER TO superset;

--
-- Name: user_attribute_id_seq; Type: SEQUENCE; Schema: public; Owner: superset
--

CREATE SEQUENCE public.user_attribute_id_seq
    AS integer
    START WITH 1
    INCREMENT BY 1
    NO MINVALUE
    NO MAXVALUE
    CACHE 1;


ALTER SEQUENCE public.user_attribute_id_seq OWNER TO superset;

--
-- Name: user_attribute_id_seq; Type: SEQUENCE OWNED BY; Schema: public; Owner: superset
--

ALTER SEQUENCE public.user_attribute_id_seq OWNED BY public.user_attribute.id;


--
-- Name: user_favorite_tag; Type: TABLE; Schema: public; Owner: superset
--

CREATE TABLE public.user_favorite_tag (
    user_id integer NOT NULL,
    tag_id integer NOT NULL
);


ALTER TABLE public.user_favorite_tag OWNER TO superset;

--
-- Name: annotation id; Type: DEFAULT; Schema: public; Owner: superset
--

ALTER TABLE ONLY public.annotation ALTER COLUMN id SET DEFAULT nextval('public.annotation_id_seq'::regclass);


--
-- Name: annotation_layer id; Type: DEFAULT; Schema: public; Owner: superset
--

ALTER TABLE ONLY public.annotation_layer ALTER COLUMN id SET DEFAULT nextval('public.annotation_layer_id_seq'::regclass);


--
-- Name: cache_keys id; Type: DEFAULT; Schema: public; Owner: superset
--

ALTER TABLE ONLY public.cache_keys ALTER COLUMN id SET DEFAULT nextval('public.cache_keys_id_seq'::regclass);


--
-- Name: css_templates id; Type: DEFAULT; Schema: public; Owner: superset
--

ALTER TABLE ONLY public.css_templates ALTER COLUMN id SET DEFAULT nextval('public.css_templates_id_seq'::regclass);


--
-- Name: dashboard_roles id; Type: DEFAULT; Schema: public; Owner: superset
--

ALTER TABLE ONLY public.dashboard_roles ALTER COLUMN id SET DEFAULT nextval('public.dashboard_roles_id_seq'::regclass);


--
-- Name: dashboard_slices id; Type: DEFAULT; Schema: public; Owner: superset
--

ALTER TABLE ONLY public.dashboard_slices ALTER COLUMN id SET DEFAULT nextval('public.dashboard_slices_id_seq'::regclass);


--
-- Name: dashboard_user id; Type: DEFAULT; Schema: public; Owner: superset
--

ALTER TABLE ONLY public.dashboard_user ALTER COLUMN id SET DEFAULT nextval('public.dashboard_user_id_seq'::regclass);


--
-- Name: dashboards id; Type: DEFAULT; Schema: public; Owner: superset
--

ALTER TABLE ONLY public.dashboards ALTER COLUMN id SET DEFAULT nextval('public.dashboards_id_seq'::regclass);


--
-- Name: dbs id; Type: DEFAULT; Schema: public; Owner: superset
--

ALTER TABLE ONLY public.dbs ALTER COLUMN id SET DEFAULT nextval('public.dbs_id_seq'::regclass);


--
-- Name: dynamic_plugin id; Type: DEFAULT; Schema: public; Owner: superset
--

ALTER TABLE ONLY public.dynamic_plugin ALTER COLUMN id SET DEFAULT nextval('public.dynamic_plugin_id_seq'::regclass);


--
-- Name: favstar id; Type: DEFAULT; Schema: public; Owner: superset
--

ALTER TABLE ONLY public.favstar ALTER COLUMN id SET DEFAULT nextval('public.favstar_id_seq'::regclass);


--
-- Name: key_value id; Type: DEFAULT; Schema: public; Owner: superset
--

ALTER TABLE ONLY public.key_value ALTER COLUMN id SET DEFAULT nextval('public.key_value_id_seq'::regclass);


--
-- Name: keyvalue id; Type: DEFAULT; Schema: public; Owner: superset
--

ALTER TABLE ONLY public.keyvalue ALTER COLUMN id SET DEFAULT nextval('public.keyvalue_id_seq'::regclass);


--
-- Name: logs id; Type: DEFAULT; Schema: public; Owner: superset
--

ALTER TABLE ONLY public.logs ALTER COLUMN id SET DEFAULT nextval('public.logs_id_seq'::regclass);


--
-- Name: query id; Type: DEFAULT; Schema: public; Owner: superset
--

ALTER TABLE ONLY public.query ALTER COLUMN id SET DEFAULT nextval('public.query_id_seq'::regclass);


--
-- Name: report_execution_log id; Type: DEFAULT; Schema: public; Owner: superset
--

ALTER TABLE ONLY public.report_execution_log ALTER COLUMN id SET DEFAULT nextval('public.report_execution_log_id_seq'::regclass);


--
-- Name: report_recipient id; Type: DEFAULT; Schema: public; Owner: superset
--

ALTER TABLE ONLY public.report_recipient ALTER COLUMN id SET DEFAULT nextval('public.report_recipient_id_seq'::regclass);


--
-- Name: report_schedule id; Type: DEFAULT; Schema: public; Owner: superset
--

ALTER TABLE ONLY public.report_schedule ALTER COLUMN id SET DEFAULT nextval('public.report_schedule_id_seq'::regclass);


--
-- Name: report_schedule_user id; Type: DEFAULT; Schema: public; Owner: superset
--

ALTER TABLE ONLY public.report_schedule_user ALTER COLUMN id SET DEFAULT nextval('public.report_schedule_user_id_seq'::regclass);


--
-- Name: rls_filter_roles id; Type: DEFAULT; Schema: public; Owner: superset
--

ALTER TABLE ONLY public.rls_filter_roles ALTER COLUMN id SET DEFAULT nextval('public.rls_filter_roles_id_seq'::regclass);


--
-- Name: rls_filter_tables id; Type: DEFAULT; Schema: public; Owner: superset
--

ALTER TABLE ONLY public.rls_filter_tables ALTER COLUMN id SET DEFAULT nextval('public.rls_filter_tables_id_seq'::regclass);


--
-- Name: row_level_security_filters id; Type: DEFAULT; Schema: public; Owner: superset
--

ALTER TABLE ONLY public.row_level_security_filters ALTER COLUMN id SET DEFAULT nextval('public.row_level_security_filters_id_seq'::regclass);


--
-- Name: saved_query id; Type: DEFAULT; Schema: public; Owner: superset
--

ALTER TABLE ONLY public.saved_query ALTER COLUMN id SET DEFAULT nextval('public.saved_query_id_seq'::regclass);


--
-- Name: sl_columns id; Type: DEFAULT; Schema: public; Owner: superset
--

ALTER TABLE ONLY public.sl_columns ALTER COLUMN id SET DEFAULT nextval('public.sl_columns_id_seq'::regclass);


--
-- Name: sl_datasets id; Type: DEFAULT; Schema: public; Owner: superset
--

ALTER TABLE ONLY public.sl_datasets ALTER COLUMN id SET DEFAULT nextval('public.sl_datasets_id_seq'::regclass);


--
-- Name: sl_tables id; Type: DEFAULT; Schema: public; Owner: superset
--

ALTER TABLE ONLY public.sl_tables ALTER COLUMN id SET DEFAULT nextval('public.sl_tables_id_seq'::regclass);


--
-- Name: slice_user id; Type: DEFAULT; Schema: public; Owner: superset
--

ALTER TABLE ONLY public.slice_user ALTER COLUMN id SET DEFAULT nextval('public.slice_user_id_seq'::regclass);


--
-- Name: slices id; Type: DEFAULT; Schema: public; Owner: superset
--

ALTER TABLE ONLY public.slices ALTER COLUMN id SET DEFAULT nextval('public.slices_id_seq'::regclass);


--
-- Name: sql_metrics id; Type: DEFAULT; Schema: public; Owner: superset
--

ALTER TABLE ONLY public.sql_metrics ALTER COLUMN id SET DEFAULT nextval('public.sql_metrics_id_seq'::regclass);


--
-- Name: sqlatable_user id; Type: DEFAULT; Schema: public; Owner: superset
--

ALTER TABLE ONLY public.sqlatable_user ALTER COLUMN id SET DEFAULT nextval('public.sqlatable_user_id_seq'::regclass);


--
-- Name: ssh_tunnels id; Type: DEFAULT; Schema: public; Owner: superset
--

ALTER TABLE ONLY public.ssh_tunnels ALTER COLUMN id SET DEFAULT nextval('public.ssh_tunnels_id_seq'::regclass);


--
-- Name: tab_state id; Type: DEFAULT; Schema: public; Owner: superset
--

ALTER TABLE ONLY public.tab_state ALTER COLUMN id SET DEFAULT nextval('public.tab_state_id_seq'::regclass);


--
-- Name: table_columns id; Type: DEFAULT; Schema: public; Owner: superset
--

ALTER TABLE ONLY public.table_columns ALTER COLUMN id SET DEFAULT nextval('public.table_columns_id_seq'::regclass);


--
-- Name: table_schema id; Type: DEFAULT; Schema: public; Owner: superset
--

ALTER TABLE ONLY public.table_schema ALTER COLUMN id SET DEFAULT nextval('public.table_schema_id_seq'::regclass);


--
-- Name: tables id; Type: DEFAULT; Schema: public; Owner: superset
--

ALTER TABLE ONLY public.tables ALTER COLUMN id SET DEFAULT nextval('public.tables_id_seq'::regclass);


--
-- Name: tag id; Type: DEFAULT; Schema: public; Owner: superset
--

ALTER TABLE ONLY public.tag ALTER COLUMN id SET DEFAULT nextval('public.tag_id_seq'::regclass);


--
-- Name: tagged_object id; Type: DEFAULT; Schema: public; Owner: superset
--

ALTER TABLE ONLY public.tagged_object ALTER COLUMN id SET DEFAULT nextval('public.tagged_object_id_seq'::regclass);


--
-- Name: user_attribute id; Type: DEFAULT; Schema: public; Owner: superset
--

ALTER TABLE ONLY public.user_attribute ALTER COLUMN id SET DEFAULT nextval('public.user_attribute_id_seq'::regclass);


--
-- Data for Name: ab_permission; Type: TABLE DATA; Schema: public; Owner: superset
--

COPY public.ab_permission (id, name) FROM stdin;
1	can_read
2	can_write
4	can_this_form_get
5	can_this_form_post
6	can_add
7	can_userinfo
8	can_delete
9	can_edit
10	can_show
11	can_list
12	resetmypassword
13	resetpasswords
14	userinfoedit
15	copyrole
16	can_get
17	can_invalidate
18	can_warm_up_cache
19	can_export
20	can_get_embedded
21	can_delete_embedded
22	can_set_embedded
23	can_duplicate
24	can_get_or_create_dataset
25	can_get_column_values
26	can_import_
27	can_bulk_create
28	can_execute_sql_query
29	can_get_results
30	can_format_sql
31	can_estimate_query_cost
32	can_export_csv
33	can_download
34	can_query_form_data
35	can_time_range
36	can_query
37	can_samples
38	can_save
39	can_external_metadata
40	can_external_metadata_by_name
41	can_store
42	can_get_value
43	can_sqllab_history
44	can_log
45	can_fetch_datasource_metadata
46	can_dashboard_permalink
47	can_explore_json
48	can_slice
49	can_dashboard
50	can_explore
51	can_post
52	can_expanded
53	can_migrate_query
54	can_delete_query
55	can_put
56	can_activate
57	can_tags
58	can_recent_activity
59	can_grant_guest_token
60	menu_access
61	all_datasource_access
62	all_database_access
63	all_query_access
64	can_csv
65	can_share_dashboard
66	can_share_chart
67	can_sqllab
68	can_view_query
69	can_view_chart_as_table
70	database_access
71	datasource_access
72	schema_access
\.


--
-- Data for Name: ab_permission_view; Type: TABLE DATA; Schema: public; Owner: superset
--

COPY public.ab_permission_view (id, permission_id, view_menu_id) FROM stdin;
1	1	1
2	2	1
3	1	2
4	2	2
5	1	3
6	2	3
7	1	4
8	2	4
9	1	5
10	2	5
11	1	6
12	2	6
13	1	7
14	2	7
15	1	8
16	2	8
17	1	9
18	2	9
19	1	10
21	4	15
22	5	15
23	4	16
24	5	16
25	4	17
26	5	17
27	6	19
28	7	19
29	8	19
30	9	19
31	10	19
32	11	19
33	12	19
34	13	19
35	14	19
36	6	20
37	8	20
38	9	20
39	10	20
40	11	20
41	15	20
42	16	21
43	10	22
44	16	23
45	11	24
46	1	25
47	1	26
48	17	27
49	18	4
50	19	4
51	1	29
52	2	29
53	1	30
54	2	30
55	20	8
56	21	8
57	19	8
58	22	8
59	19	9
60	23	6
61	24	6
62	18	6
63	19	6
64	25	31
65	1	32
66	1	33
67	1	34
68	2	34
69	1	35
70	2	35
71	26	36
72	19	36
73	1	37
74	2	37
75	19	1
76	27	38
77	1	38
78	2	38
79	28	39
80	29	39
81	1	39
82	30	39
83	31	39
84	32	39
85	6	40
86	8	40
87	2	40
88	9	40
89	10	40
90	33	40
91	11	40
92	34	41
93	35	41
94	36	41
95	4	42
96	5	42
97	4	43
98	5	43
99	4	44
100	5	44
101	37	31
102	38	31
103	39	31
104	16	31
105	40	31
106	41	46
107	42	46
108	11	1
109	43	47
110	44	47
111	45	47
112	46	47
113	47	47
114	48	47
115	49	47
116	18	47
117	50	47
118	51	48
119	8	48
120	52	48
121	51	49
122	53	49
123	54	49
124	8	49
125	16	49
126	55	49
127	56	49
128	6	51
129	8	51
130	9	51
131	10	51
132	33	51
133	11	51
134	57	52
135	58	7
136	1	53
137	59	53
138	1	54
139	60	55
140	60	56
141	60	57
142	60	58
143	60	37
144	60	59
145	60	60
146	60	61
147	60	62
148	60	63
149	60	64
150	60	65
151	60	66
152	60	67
153	60	51
154	60	68
155	60	69
156	60	70
157	60	71
158	60	72
159	60	73
160	61	74
161	62	75
162	63	76
163	64	47
164	65	47
165	66	47
166	67	47
167	68	8
168	69	8
169	70	77
170	71	78
171	72	79
172	71	80
173	71	81
\.


--
-- Data for Name: ab_permission_view_role; Type: TABLE DATA; Schema: public; Owner: superset
--

COPY public.ab_permission_view_role (id, permission_view_id, role_id) FROM stdin;
1	21	1
2	22	1
3	23	1
4	24	1
5	25	1
6	26	1
7	27	1
8	28	1
9	29	1
10	30	1
11	31	1
12	32	1
13	33	1
14	34	1
15	35	1
16	36	1
17	37	1
18	38	1
19	39	1
20	40	1
21	41	1
22	42	1
23	43	1
24	44	1
25	9	1
26	10	1
27	45	1
28	46	1
29	47	1
30	48	1
31	49	1
32	50	1
33	7	1
34	8	1
35	3	1
36	4	1
37	51	1
38	52	1
39	53	1
40	54	1
41	55	1
42	56	1
43	57	1
44	58	1
45	15	1
46	16	1
47	59	1
48	17	1
49	18	1
50	60	1
51	61	1
52	62	1
53	63	1
54	11	1
55	12	1
56	64	1
57	65	1
58	66	1
59	67	1
60	68	1
61	69	1
62	70	1
63	71	1
64	72	1
65	19	1
66	5	1
67	6	1
68	73	1
69	74	1
70	75	1
71	1	1
72	2	1
73	76	1
74	77	1
75	78	1
76	79	1
77	80	1
78	81	1
79	82	1
80	83	1
81	84	1
82	85	1
83	86	1
84	87	1
85	88	1
86	89	1
87	90	1
88	91	1
89	92	1
90	93	1
91	94	1
92	95	1
93	96	1
94	97	1
95	98	1
96	99	1
97	100	1
98	101	1
99	102	1
100	103	1
101	104	1
102	105	1
103	106	1
104	107	1
105	108	1
106	109	1
107	110	1
108	111	1
109	112	1
110	113	1
111	114	1
112	115	1
113	116	1
114	117	1
115	118	1
116	119	1
117	120	1
118	121	1
119	122	1
120	123	1
121	124	1
122	125	1
123	126	1
124	127	1
125	128	1
126	129	1
127	130	1
128	131	1
129	132	1
130	133	1
131	134	1
132	135	1
133	13	1
134	14	1
135	136	1
136	137	1
137	138	1
138	139	1
139	140	1
140	141	1
141	142	1
142	143	1
143	144	1
144	145	1
145	146	1
146	147	1
147	148	1
148	149	1
149	150	1
150	151	1
151	152	1
152	153	1
153	154	1
154	155	1
155	156	1
156	157	1
157	158	1
158	159	1
159	160	1
160	161	1
161	162	1
162	163	1
163	164	1
164	165	1
165	166	1
166	167	1
167	168	1
168	3	3
169	4	3
170	5	3
171	6	3
172	7	3
173	8	3
174	9	3
175	10	3
176	11	3
177	12	3
178	15	3
179	16	3
180	17	3
181	23	3
182	24	3
183	28	3
184	33	3
185	42	3
186	43	3
187	44	3
188	45	3
189	46	3
190	47	3
191	48	3
192	50	3
193	51	3
194	52	3
195	53	3
196	54	3
197	55	3
198	56	3
199	57	3
200	60	3
201	61	3
202	63	3
203	64	3
204	65	3
205	66	3
206	67	3
207	68	3
208	69	3
209	70	3
210	71	3
211	72	3
212	76	3
213	77	3
214	78	3
215	82	3
216	83	3
217	89	3
218	91	3
219	92	3
220	93	3
221	94	3
222	95	3
223	96	3
224	97	3
225	98	3
226	99	3
227	100	3
228	101	3
229	102	3
230	103	3
231	104	3
232	105	3
233	106	3
234	107	3
235	108	3
236	110	3
237	111	3
238	112	3
239	113	3
240	114	3
241	115	3
242	117	3
243	118	3
244	119	3
245	120	3
246	128	3
247	129	3
248	130	3
249	131	3
250	132	3
251	133	3
252	134	3
253	135	3
254	136	3
255	138	3
256	144	3
257	145	3
258	146	3
259	147	3
260	148	3
261	149	3
262	150	3
263	151	3
264	152	3
265	153	3
266	154	3
267	155	3
268	160	3
269	161	3
270	163	3
271	164	3
272	165	3
273	167	3
274	168	3
275	7	4
276	8	4
277	11	4
278	15	4
279	16	4
280	17	4
281	23	4
282	24	4
283	28	4
284	33	4
285	42	4
286	43	4
287	44	4
288	45	4
289	46	4
290	47	4
291	48	4
292	50	4
293	51	4
294	52	4
295	53	4
296	54	4
297	55	4
298	56	4
299	57	4
300	65	4
301	66	4
302	67	4
303	68	4
304	69	4
305	70	4
306	76	4
307	77	4
308	78	4
309	82	4
310	83	4
311	89	4
312	91	4
313	92	4
314	93	4
315	94	4
316	103	4
317	104	4
318	105	4
319	106	4
320	107	4
321	108	4
322	110	4
323	111	4
324	112	4
325	113	4
326	114	4
327	115	4
328	117	4
329	128	4
330	129	4
331	130	4
332	131	4
333	132	4
334	133	4
335	134	4
336	135	4
337	136	4
338	138	4
339	144	4
340	145	4
341	146	4
342	147	4
343	148	4
344	149	4
345	151	4
346	153	4
347	163	4
348	164	4
349	165	4
350	167	4
351	168	4
352	1	5
353	2	5
354	17	5
355	19	5
356	75	5
357	79	5
358	80	5
359	81	5
360	84	5
361	109	5
362	121	5
363	122	5
364	123	5
365	124	5
366	125	5
367	126	5
368	127	5
369	156	5
370	157	5
371	158	5
372	159	5
373	163	5
374	166	5
\.


--
-- Data for Name: ab_register_user; Type: TABLE DATA; Schema: public; Owner: superset
--

COPY public.ab_register_user (id, first_name, last_name, username, password, email, registration_date, registration_hash) FROM stdin;
\.


--
-- Data for Name: ab_role; Type: TABLE DATA; Schema: public; Owner: superset
--

COPY public.ab_role (id, name) FROM stdin;
1	Admin
2	Public
3	Alpha
4	Gamma
5	sql_lab
\.


--
-- Data for Name: ab_user; Type: TABLE DATA; Schema: public; Owner: superset
--

COPY public.ab_user (id, first_name, last_name, username, password, active, email, last_login, login_count, fail_login_count, created_on, changed_on, created_by_fk, changed_by_fk) FROM stdin;
1	Superset	Admin	admin	scrypt:32768:8:1$btUEFTdSohDXpBjK$e52bc1cb48494b2175949f3bd278c6299e3cfcda84e705329b8496c42bc58fa4a501be258d006f3f03c05c17c472655b6f9a2dcd426be1e48a2840a48876dcc5	t	admin@superset.com	2024-10-17 08:01:28.273122	1	0	2024-10-17 07:58:44.156521	2024-10-17 07:58:44.156544	\N	\N
\.


--
-- Data for Name: ab_user_role; Type: TABLE DATA; Schema: public; Owner: superset
--

COPY public.ab_user_role (id, user_id, role_id) FROM stdin;
1	1	1
\.


--
-- Data for Name: ab_view_menu; Type: TABLE DATA; Schema: public; Owner: superset
--

COPY public.ab_view_menu (id, name) FROM stdin;
1	SavedQuery
2	CssTemplate
3	ReportSchedule
4	Chart
5	Annotation
6	Dataset
7	Log
8	Dashboard
9	Database
10	Query
11	SupersetIndexView
12	UtilView
13	LocaleView
14	SecurityApi
15	ResetPasswordView
16	ResetMyPasswordView
17	UserInfoEditView
18	AuthDBView
19	UserDBModelView
20	RoleModelView
21	OpenApi
22	SwaggerView
23	MenuApi
24	AsyncEventsRestApi
25	AdvancedDataType
26	AvailableDomains
27	CacheRestApi
28	CurrentUserRestApi
29	DashboardFilterStateRestApi
30	DashboardPermalinkRestApi
31	Datasource
32	EmbeddedDashboard
33	Explore
34	ExploreFormDataRestApi
35	ExplorePermalinkRestApi
36	ImportExportRestApi
37	Row Level Security
38	Tag
39	SQLLab
40	DynamicPlugin
41	Api
42	CsvToDatabaseView
43	ExcelToDatabaseView
44	ColumnarToDatabaseView
45	EmbeddedView
46	KV
47	Superset
48	TableSchemaView
49	TabStateView
50	TaggedObjectView
51	Tags
52	TagView
53	SecurityRestApi
54	RowLevelSecurity
55	Security
56	List Users
57	List Roles
58	Action Log
59	Home
60	Data
61	Databases
62	Dashboards
63	Charts
64	Datasets
65	Manage
66	Plugins
67	CSS Templates
68	Alerts & Report
69	Annotation Layers
70	SQL Lab
71	SQL Editor
72	Saved Queries
73	Query Search
74	all_datasource_access
75	all_database_access
76	all_query_access
77	[superset].(id:1)
78	[superset].[KesinlesmisMaliyet](id:1)
79	[superset].[public]
80	[superset].[PlanlananGerceklesen](id:2)
81	[superset].[PlanlananOdemeTahsilat](id:3)
\.


--
-- Data for Name: alembic_version; Type: TABLE DATA; Schema: public; Owner: superset
--

COPY public.alembic_version (version_num) FROM stdin;
17fcea065655
\.


--
-- Data for Name: annotation; Type: TABLE DATA; Schema: public; Owner: superset
--

COPY public.annotation (created_on, changed_on, id, start_dttm, end_dttm, layer_id, short_descr, long_descr, changed_by_fk, created_by_fk, json_metadata) FROM stdin;
\.


--
-- Data for Name: annotation_layer; Type: TABLE DATA; Schema: public; Owner: superset
--

COPY public.annotation_layer (created_on, changed_on, id, name, descr, changed_by_fk, created_by_fk) FROM stdin;
\.


--
-- Data for Name: cache_keys; Type: TABLE DATA; Schema: public; Owner: superset
--

COPY public.cache_keys (id, cache_key, cache_timeout, datasource_uid, created_on) FROM stdin;
\.


--
-- Data for Name: css_templates; Type: TABLE DATA; Schema: public; Owner: superset
--

COPY public.css_templates (created_on, changed_on, id, template_name, css, changed_by_fk, created_by_fk) FROM stdin;
\.


--
-- Data for Name: dashboard_roles; Type: TABLE DATA; Schema: public; Owner: superset
--

COPY public.dashboard_roles (id, role_id, dashboard_id) FROM stdin;
\.


--
-- Data for Name: dashboard_slices; Type: TABLE DATA; Schema: public; Owner: superset
--

COPY public.dashboard_slices (id, dashboard_id, slice_id) FROM stdin;
1	1	5
2	1	2
3	1	4
4	1	3
5	1	1
\.


--
-- Data for Name: dashboard_user; Type: TABLE DATA; Schema: public; Owner: superset
--

COPY public.dashboard_user (id, user_id, dashboard_id) FROM stdin;
1	1	1
\.


--
-- Data for Name: dashboards; Type: TABLE DATA; Schema: public; Owner: superset
--

COPY public.dashboards (created_on, changed_on, id, dashboard_title, position_json, created_by_fk, changed_by_fk, css, description, slug, json_metadata, published, uuid, certified_by, certification_details, is_managed_externally, external_url) FROM stdin;
2024-10-17 08:52:38.726043	2024-10-17 08:52:38.788289	1	Yapta ERP Ynetim Raporlar - GK Draft	{"CHART-explore-101-1": {"children": [], "id": "CHART-explore-101-1", "meta": {"chartId": 4, "height": 63, "sliceName": "Planlanan - Ger\\u251c\\u00baekle\\u253c\\u0192en Maliyet - GK Draft", "uuid": "95d42e0e-514a-4290-ba83-f8333d4db425", "width": 6}, "parents": ["ROOT_ID", "GRID_ID", "ROW-x8ghXNx_FG"], "type": "CHART"}, "CHART-explore-102-1": {"children": [], "id": "CHART-explore-102-1", "meta": {"chartId": 1, "height": 62, "sliceName": "Ana Aktivite Kodlar\\u2500\\u2592na G\\u251c\\u2562re Ger\\u251c\\u00baekle\\u253c\\u0192en Maliyet Raporu", "uuid": "9fd34f3f-908e-4036-84e6-80c0d9255980", "width": 6}, "parents": ["ROOT_ID", "GRID_ID", "ROW-x8ghXNx_FG"], "type": "CHART"}, "CHART-explore-103-1": {"children": [], "id": "CHART-explore-103-1", "meta": {"chartId": 5, "height": 58, "sliceName": "Planlanan \\u251c\\u00fbdeme - Tahsilat Raporu (Aylara G\\u251c\\u2562re)", "uuid": "f9ef4231-1460-4952-ac24-8f2458b11b70", "width": 6}, "parents": ["ROOT_ID", "GRID_ID", "ROW-aAu3dC7Lrd"], "type": "CHART"}, "CHART-explore-104-1": {"children": [], "id": "CHART-explore-104-1", "meta": {"chartId": 2, "height": 60, "sliceName": "Planlanan \\u251c\\u00fbdeme - Tahsilat Raporu (Aylara G\\u251c\\u2562re) - \\u251c\\u00e7izgi", "uuid": "d9730eb7-eedb-43ea-b740-32dd6d82e1dd", "width": 6}, "parents": ["ROOT_ID", "GRID_ID", "ROW-aAu3dC7Lrd"], "type": "CHART"}, "CHART-explore-105-1": {"children": [], "id": "CHART-explore-105-1", "meta": {"chartId": 3, "height": 79, "sliceName": "Planlanan - Ger\\u251c\\u00baekle\\u253c\\u0192en Maliyet - Aktivite Koduna G\\u251c\\u2562re", "uuid": "572eb5d8-d734-42b6-986b-c19395200725", "width": 12}, "parents": ["ROOT_ID", "GRID_ID", "ROW-PlIkzqaAVt"], "type": "CHART"}, "DASHBOARD_VERSION_KEY": "v2", "GRID_ID": {"children": ["ROW-x8ghXNx_FG", "ROW-aAu3dC7Lrd", "ROW-PlIkzqaAVt"], "id": "GRID_ID", "parents": ["ROOT_ID"], "type": "GRID"}, "HEADER_ID": {"id": "HEADER_ID", "meta": {"text": "Yap\\u0131ta\\u015f\\u0131 ERP Y\\u00f6netim Raporlar\\u0131 - GK Draft"}, "type": "HEADER"}, "ROOT_ID": {"children": ["GRID_ID"], "id": "ROOT_ID", "type": "ROOT"}, "ROW-PlIkzqaAVt": {"children": ["CHART-explore-105-1"], "id": "ROW-PlIkzqaAVt", "meta": {"0": "ROOT_ID", "background": "BACKGROUND_TRANSPARENT"}, "parents": ["ROOT_ID", "GRID_ID"], "type": "ROW"}, "ROW-aAu3dC7Lrd": {"children": ["CHART-explore-103-1", "CHART-explore-104-1"], "id": "ROW-aAu3dC7Lrd", "meta": {"0": "ROOT_ID", "background": "BACKGROUND_TRANSPARENT"}, "parents": ["ROOT_ID", "GRID_ID"], "type": "ROW"}, "ROW-x8ghXNx_FG": {"children": ["CHART-explore-101-1", "CHART-explore-102-1"], "id": "ROW-x8ghXNx_FG", "meta": {"0": "ROOT_ID", "background": "BACKGROUND_TRANSPARENT"}, "parents": ["ROOT_ID", "GRID_ID"], "type": "ROW"}}	1	1		\N	\N	{"chart_configuration": {"102": {"id": 102, "crossFilters": {"scope": "global", "chartsInScope": [101, 103, 104, 105]}}, "104": {"id": 104, "crossFilters": {"scope": "global", "chartsInScope": [101, 102, 103, 105]}}}, "global_chart_configuration": {"scope": {"rootPath": ["ROOT_ID"], "excluded": []}, "chartsInScope": [101, 102, 103, 104, 105]}, "color_scheme": "", "refresh_frequency": 0, "shared_label_colors": {"Planlanan Maliyet": "#1FA8C9", "Ger\\u251c\\u00baekle\\u253c\\u0192en Maliyet": "#454E7C", "Ger\\u00e7ekle\\u015fen Maliyet": "#454E7C", "KABA YAPI \\u0130\\u015eLER\\u0130": "#1FA8C9", "SAHA \\u0130Y\\u0130LE\\u015eT\\u0130RME VE TOPRAK \\u0130\\u015eLER\\u0130": "#454E7C", "\\u0130NCE YAPI \\u0130\\u015eLER\\u0130": "#5AC189", "GENEL G\\u0130DERLER": "#FF7F44", "DI\\u015e CEPHE \\u0130\\u015eLER\\u0130": "#666666", "PROJE HAZIRLAMA VE DANI\\u015eMANLIK \\u0130\\u015eLER\\u0130": "#E04355", "\\u00d6ZELL\\u0130KL\\u0130 \\u0130N\\u015eAAT \\u0130\\u015eLER\\u0130": "#FCC700", "ALTYAPI \\u0130\\u015eLER\\u0130": "#A868B7", "\\u0130ZOLASYON \\u0130\\u015eLER\\u0130": "#3CCCCB", "MOB\\u0130LYA, MEFRU\\u015eAT VE EK\\u0130PMAN \\u0130\\u015eLER\\u0130": "#A38F79", "KAPI PENCERE \\u0130\\u015eLER\\u0130": "#8FD3E4", "\\u00c7EVRE D\\u00dcZENLEME VE DI\\u015e SAHA PEYZAJ \\u0130\\u015eLER\\u0130": "#A1A6BD", "MEKAN\\u0130K  \\u0130\\u015eLER\\u0130": "#ACE1C4", "": "#FEC0A1", "ELEKTR\\u0130K \\u0130\\u015eLER\\u0130": "#B2B2B2", "MOB\\u0130L\\u0130ZASYON VE DEMOB\\u0130L\\u0130ZASYON \\u0130\\u015eLER\\u0130": "#EFA1AA", "\\u00c7ATI \\u0130\\u015eLER\\u0130": "#FDE380", "Planlanan \\u00d6deme": "#454E7C", "Planlanan Tahsilat": "#1FA8C9"}, "color_scheme_domain": [], "expanded_slices": {}, "label_colors": {}, "timed_refresh_immune_slices": [], "cross_filters_enabled": true, "native_filter_configuration": [{"id": "NATIVE_FILTER-Y1iikVxXE", "controlValues": {"enableEmptyFilter": false, "defaultToFirstItem": false, "multiSelect": true, "searchAllOptions": false, "inverseSelection": false}, "name": "Proje Ad\\u0131", "filterType": "filter_select", "targets": [{"datasetId": 34, "column": {"name": "project_name"}}], "defaultDataMask": {"extraFormData": {}, "filterState": {}, "ownState": {}}, "cascadeParentIds": [], "scope": {"rootPath": ["ROOT_ID"], "excluded": []}, "type": "NATIVE_FILTER", "description": "", "chartsInScope": [101, 102, 103], "tabsInScope": []}, {"id": "NATIVE_FILTER-vTeKM0e37", "controlValues": {"enableEmptyFilter": false, "defaultToFirstItem": false, "multiSelect": true, "searchAllOptions": false, "inverseSelection": false}, "name": "Ana Aktivite Kodu", "filterType": "filter_select", "targets": [{"datasetId": 34, "column": {"name": "activity_main_desc"}}], "defaultDataMask": {"extraFormData": {}, "filterState": {}, "ownState": {}}, "cascadeParentIds": [], "scope": {"rootPath": ["ROOT_ID"], "excluded": []}, "type": "NATIVE_FILTER", "description": "", "chartsInScope": [101, 102, 103], "tabsInScope": []}, {"id": "NATIVE_FILTER-sbk--CMyC", "controlValues": {"enableEmptyFilter": false}, "name": "Tarih", "filterType": "filter_time", "targets": [{}], "defaultDataMask": {"extraFormData": {}, "filterState": {}, "ownState": {}}, "cascadeParentIds": [], "scope": {"rootPath": ["ROOT_ID"], "excluded": [5]}, "type": "NATIVE_FILTER", "description": "", "chartsInScope": [101, 102, 104], "tabsInScope": []}]}	f	05250ee4-d89b-4245-8c25-e875a5cdc481			f	\N
\.


--
-- Data for Name: dbs; Type: TABLE DATA; Schema: public; Owner: superset
--

COPY public.dbs (created_on, changed_on, id, database_name, sqlalchemy_uri, created_by_fk, changed_by_fk, password, cache_timeout, extra, select_as_create_table_as, allow_ctas, expose_in_sqllab, force_ctas_schema, allow_run_async, allow_dml, verbose_name, impersonate_user, allow_file_upload, encrypted_extra, server_cert, allow_cvas, uuid, configuration_method, is_managed_externally, external_url) FROM stdin;
2024-10-17 08:52:36.615414	2024-10-17 08:52:36.615419	1	superset	postgresql+psycopg2://superset:**CHANGE_THIS_PASSWORD**@172.17.0.1:5432/superset	1	1	\N	\N	{"allows_virtual_table_explore": true}	f	f	t	\N	f	f	\N	f	f	\N	\N	f	228dbc73-981d-4887-b56c-8e1c85849bba	sqlalchemy_form	f	\N
\.


--
-- Data for Name: dynamic_plugin; Type: TABLE DATA; Schema: public; Owner: superset
--

COPY public.dynamic_plugin (created_on, changed_on, id, name, key, bundle_url, created_by_fk, changed_by_fk) FROM stdin;
\.


--
-- Data for Name: embedded_dashboards; Type: TABLE DATA; Schema: public; Owner: superset
--

COPY public.embedded_dashboards (created_on, changed_on, allow_domain_list, uuid, dashboard_id, changed_by_fk, created_by_fk) FROM stdin;
\.


--
-- Data for Name: favstar; Type: TABLE DATA; Schema: public; Owner: superset
--

COPY public.favstar (id, user_id, class_name, obj_id, dttm) FROM stdin;
\.


--
-- Data for Name: key_value; Type: TABLE DATA; Schema: public; Owner: superset
--

COPY public.key_value (id, resource, value, uuid, created_on, created_by_fk, changed_on, changed_by_fk, expires_on) FROM stdin;
\.


--
-- Data for Name: keyvalue; Type: TABLE DATA; Schema: public; Owner: superset
--

COPY public.keyvalue (id, value) FROM stdin;
\.


--
-- Data for Name: logs; Type: TABLE DATA; Schema: public; Owner: superset
--

COPY public.logs (id, action, user_id, "json", dttm, dashboard_id, slice_id, duration_ms, referrer) FROM stdin;
1	welcome	\N	{"path": "/superset/welcome/", "object_ref": "Superset.welcome"}	2024-10-17 08:01:23.39442	\N	0	2	\N
2	welcome	1	{"path": "/superset/welcome/", "object_ref": "Superset.welcome"}	2024-10-17 08:01:28.435062	\N	0	136	http://127.0.0.1:9099/login/
3	SavedQueryRestApi.get_list	1	{"path": "/api/v1/saved_query/", "q": "(filters:!((col:created_by,opr:rel_o_m,value:'1')),order_column:changed_on_delta_humanized,order_direction:desc,page:0,page_size:5)", "rison": {"filters": [{"col": "created_by", "opr": "rel_o_m", "value": "1"}], "order_column": "changed_on_delta_humanized", "order_direction": "desc", "page": 0, "page_size": 5}}	2024-10-17 08:01:29.572527	\N	0	345	http://127.0.0.1:9099/superset/welcome/
4	LogRestApi.recent_activity	1	{"path": "/api/v1/log/recent_activity/", "q": "(page_size:6)", "object_ref": "LogRestApi.recent_activity", "rison": {"page_size": 6}}	2024-10-17 08:01:29.586635	\N	0	61	http://127.0.0.1:9099/superset/welcome/
5	DatabaseRestApi.get_list	1	{"path": "/api/v1/database/", "q": "(filters:!((col:database_name,opr:neq,value:examples)))", "rison": {"filters": [{"col": "database_name", "opr": "neq", "value": "examples"}]}}	2024-10-17 08:01:29.617149	\N	0	343	http://127.0.0.1:9099/superset/welcome/
6	DashboardRestApi.get_list	1	{"path": "/api/v1/dashboard/", "q": "(filters:!((col:owners,opr:rel_m_m,value:'1')),order_column:changed_on_delta_humanized,order_direction:desc,page:0,page_size:5)", "rison": {"filters": [{"col": "owners", "opr": "rel_m_m", "value": "1"}], "order_column": "changed_on_delta_humanized", "order_direction": "desc", "page": 0, "page_size": 5}}	2024-10-17 08:01:29.648233	\N	0	437	http://127.0.0.1:9099/superset/welcome/
7	DatabaseRestApi.get_list	1	{"path": "/api/v1/database/", "q": "(filters:!((col:allow_file_upload,opr:upload_is_enabled,value:!t)))", "rison": {"filters": [{"col": "allow_file_upload", "opr": "upload_is_enabled", "value": true}]}}	2024-10-17 08:01:29.676977	\N	0	412	http://127.0.0.1:9099/superset/welcome/
8	ChartRestApi.get_list	1	{"path": "/api/v1/chart/", "q": "(filters:!((col:owners,opr:rel_m_m,value:'1')),order_column:changed_on_delta_humanized,order_direction:desc,page:0,page_size:5)", "rison": {"filters": [{"col": "owners", "opr": "rel_m_m", "value": "1"}], "order_column": "changed_on_delta_humanized", "order_direction": "desc", "page": 0, "page_size": 5}}	2024-10-17 08:01:29.77121	\N	0	551	http://127.0.0.1:9099/superset/welcome/
9	DashboardRestApi.get_list	1	{"path": "/api/v1/dashboard/", "q": "(filters:!(),order_column:changed_on_delta_humanized,order_direction:desc,page:0,page_size:5)", "rison": {"filters": [], "order_column": "changed_on_delta_humanized", "order_direction": "desc", "page": 0, "page_size": 5}}	2024-10-17 08:01:29.830358	\N	0	86	http://127.0.0.1:9099/superset/welcome/
10	ChartRestApi.get_list	1	{"path": "/api/v1/chart/", "q": "(filters:!(),order_column:changed_on_delta_humanized,order_direction:desc,page:0,page_size:5)", "rison": {"filters": [], "order_column": "changed_on_delta_humanized", "order_direction": "desc", "page": 0, "page_size": 5}}	2024-10-17 08:01:29.885086	\N	0	122	http://127.0.0.1:9099/superset/welcome/
11	ChartRestApi.info	1	{"path": "/api/v1/chart/_info", "q": "(keys:!(permissions))", "rison": {"keys": ["permissions"]}}	2024-10-17 08:01:30.014149	\N	0	22	http://127.0.0.1:9099/superset/welcome/
12	DashboardRestApi.info	1	{"path": "/api/v1/dashboard/_info", "q": "(keys:!(permissions))", "rison": {"keys": ["permissions"]}}	2024-10-17 08:01:30.021558	\N	0	36	http://127.0.0.1:9099/superset/welcome/
13	log	1	{"source": "sqlLab", "ts": 1729152085415, "event_name": "spa_navigation", "path": "/superset/welcome/", "event_type": "user", "event_id": "qoDnguVm0v", "visibility": "visible"}	2024-10-17 08:01:30.041431	\N	0	0	http://127.0.0.1:9099/superset/welcome/
14	DatabaseRestApi.info	1	{"path": "/api/v1/database/_info", "q": "(keys:!(permissions))", "rison": {"keys": ["permissions"]}}	2024-10-17 08:01:34.334852	\N	0	34	http://127.0.0.1:9099/databaseview/list/?pageIndex=0&sortColumn=changed_on_delta_humanized&sortOrder=desc
15	DatabaseRestApi.get_list	1	{"path": "/api/v1/database/", "q": "(filters:!((col:allow_file_upload,opr:upload_is_enabled,value:!t)))", "rison": {"filters": [{"col": "allow_file_upload", "opr": "upload_is_enabled", "value": true}]}}	2024-10-17 08:01:34.367628	\N	0	79	http://127.0.0.1:9099/databaseview/list/?pageIndex=0&sortColumn=changed_on_delta_humanized&sortOrder=desc
16	DatabaseRestApi.get_list	1	{"path": "/api/v1/database/", "q": "(order_column:changed_on_delta_humanized,order_direction:desc,page:0,page_size:25)", "rison": {"order_column": "changed_on_delta_humanized", "order_direction": "desc", "page": 0, "page_size": 25}}	2024-10-17 08:01:34.391824	\N	0	80	http://127.0.0.1:9099/databaseview/list/?pageIndex=0&sortColumn=changed_on_delta_humanized&sortOrder=desc
17	log	1	{"source": "sqlLab", "ts": 1729152090536, "event_name": "spa_navigation", "path": "/databaseview/list/", "event_type": "user", "event_id": "W4NGa5Xwf", "visibility": "visible"}	2024-10-17 08:01:35.149819	\N	0	0	http://127.0.0.1:9099/databaseview/list/?pageIndex=0&sortColumn=changed_on_delta_humanized&sortOrder=desc
18	DatabaseRestApi.get_list	1	{"path": "/api/v1/database/", "q": "(filters:!((col:database_name,opr:neq,value:examples)))", "rison": {"filters": [{"col": "database_name", "opr": "neq", "value": "examples"}]}}	2024-10-17 08:34:58.975011	\N	0	240	http://127.0.0.1:9099/databaseview/list/?pageIndex=0&sortColumn=changed_on_delta_humanized&sortOrder=desc
19	DatabaseRestApi.info	1	{"path": "/api/v1/database/_info", "q": "(keys:!(permissions))", "rison": {"keys": ["permissions"]}}	2024-10-17 08:34:59.051158	\N	0	33	http://127.0.0.1:9099/databaseview/list/?pageIndex=0&sortColumn=changed_on_delta_humanized&sortOrder=desc
20	DatabaseRestApi.get_list	1	{"path": "/api/v1/database/", "q": "(filters:!((col:allow_file_upload,opr:upload_is_enabled,value:!t)))", "rison": {"filters": [{"col": "allow_file_upload", "opr": "upload_is_enabled", "value": true}]}}	2024-10-17 08:34:59.052484	\N	0	297	http://127.0.0.1:9099/databaseview/list/?pageIndex=0&sortColumn=changed_on_delta_humanized&sortOrder=desc
21	DatabaseRestApi.get_list	1	{"path": "/api/v1/database/", "q": "(order_column:changed_on_delta_humanized,order_direction:desc,page:0,page_size:25)", "rison": {"order_column": "changed_on_delta_humanized", "order_direction": "desc", "page": 0, "page_size": 25}}	2024-10-17 08:34:59.155868	\N	0	127	http://127.0.0.1:9099/databaseview/list/?pageIndex=0&sortColumn=changed_on_delta_humanized&sortOrder=desc
22	DatabaseRestApi.get_list	1	{"path": "/api/v1/database/", "q": "(filters:!((col:allow_file_upload,opr:upload_is_enabled,value:!t)))", "rison": {"filters": [{"col": "allow_file_upload", "opr": "upload_is_enabled", "value": true}]}}	2024-10-17 08:34:59.180516	\N	0	34	http://127.0.0.1:9099/databaseview/list/?pageIndex=0&sortColumn=changed_on_delta_humanized&sortOrder=desc
23	log	1	{"source": "sqlLab", "ts": 1729154095059, "event_name": "spa_navigation", "path": "/databaseview/list/", "event_type": "user", "event_id": "tDJNkWg75g", "visibility": "hidden"}	2024-10-17 08:34:59.737629	\N	0	0	http://127.0.0.1:9099/databaseview/list/?pageIndex=0&sortColumn=changed_on_delta_humanized&sortOrder=desc
24	DatabaseRestApi.info	1	{"path": "/api/v1/database/_info", "q": "(keys:!(permissions))", "rison": {"keys": ["permissions"]}}	2024-10-17 08:53:31.538837	\N	0	37	http://127.0.0.1:9099/databaseview/list/?pageIndex=0&sortColumn=changed_on_delta_humanized&sortOrder=desc
25	DatabaseRestApi.get_list	1	{"path": "/api/v1/database/", "q": "(filters:!((col:allow_file_upload,opr:upload_is_enabled,value:!t)))", "rison": {"filters": [{"col": "allow_file_upload", "opr": "upload_is_enabled", "value": true}]}}	2024-10-17 08:53:31.602164	\N	0	299	http://127.0.0.1:9099/databaseview/list/?pageIndex=0&sortColumn=changed_on_delta_humanized&sortOrder=desc
26	DatabaseRestApi.get_list	1	{"path": "/api/v1/database/", "q": "(filters:!((col:database_name,opr:neq,value:examples)))", "rison": {"filters": [{"col": "database_name", "opr": "neq", "value": "examples"}]}}	2024-10-17 08:53:31.605154	\N	0	302	http://127.0.0.1:9099/databaseview/list/?pageIndex=0&sortColumn=changed_on_delta_humanized&sortOrder=desc
27	DatabaseRestApi.get_list	1	{"path": "/api/v1/database/", "q": "(order_column:changed_on_delta_humanized,order_direction:desc,page:0,page_size:25)", "rison": {"order_column": "changed_on_delta_humanized", "order_direction": "desc", "page": 0, "page_size": 25}}	2024-10-17 08:53:31.639772	\N	0	142	http://127.0.0.1:9099/databaseview/list/?pageIndex=0&sortColumn=changed_on_delta_humanized&sortOrder=desc
28	DatabaseRestApi.get_list	1	{"path": "/api/v1/database/", "q": "(filters:!((col:allow_file_upload,opr:upload_is_enabled,value:!t)))", "rison": {"filters": [{"col": "allow_file_upload", "opr": "upload_is_enabled", "value": true}]}}	2024-10-17 08:53:31.727481	\N	0	76	http://127.0.0.1:9099/databaseview/list/?pageIndex=0&sortColumn=changed_on_delta_humanized&sortOrder=desc
29	log	1	{"source": "sqlLab", "ts": 1729155207600, "event_name": "spa_navigation", "path": "/databaseview/list/", "event_type": "user", "event_id": "ou5v6Jt-xd", "visibility": "visible"}	2024-10-17 08:53:32.207653	\N	0	0	http://127.0.0.1:9099/databaseview/list/?pageIndex=0&sortColumn=changed_on_delta_humanized&sortOrder=desc
30	DashboardRestApi.info	1	{"path": "/api/v1/dashboard/_info", "q": "(keys:!(permissions))", "rison": {"keys": ["permissions"]}}	2024-10-17 08:53:33.231918	\N	0	54	http://127.0.0.1:9099/dashboard/list/?pageIndex=0&sortColumn=changed_on_delta_humanized&sortOrder=desc&viewMode=table
31	DashboardRestApi.get_list	1	{"path": "/api/v1/dashboard/", "q": "(order_column:changed_on_delta_humanized,order_direction:desc,page:0,page_size:25)", "rison": {"order_column": "changed_on_delta_humanized", "order_direction": "desc", "page": 0, "page_size": 25}}	2024-10-17 08:53:33.272362	\N	0	98	http://127.0.0.1:9099/dashboard/list/?pageIndex=0&sortColumn=changed_on_delta_humanized&sortOrder=desc&viewMode=table
32	DashboardRestApi.favorite_status	1	{"path": "/api/v1/dashboard/favorite_status/", "q": "!(1)", "object_ref": "DashboardRestApi.favorite_status", "rison": [1]}	2024-10-17 08:53:33.347804	\N	0	5	http://127.0.0.1:9099/dashboard/list/?pageIndex=0&sortColumn=changed_on_delta_humanized&sortOrder=desc&viewMode=table
33	log	1	{"source": "sqlLab", "ts": 1729155209456, "event_name": "spa_navigation", "path": "/dashboard/list/", "event_type": "user", "event_id": "NdeUW7Y6u", "visibility": "visible"}	2024-10-17 08:53:34.065968	\N	0	0	http://127.0.0.1:9099/dashboard/list/?pageIndex=0&sortColumn=changed_on_delta_humanized&sortOrder=desc&viewMode=table
\.


--
-- Data for Name: query; Type: TABLE DATA; Schema: public; Owner: superset
--

COPY public.query (id, client_id, database_id, tmp_table_name, tab_name, sql_editor_id, user_id, status, schema, sql, select_sql, executed_sql, "limit", select_as_cta, select_as_cta_used, progress, rows, error_message, start_time, changed_on, end_time, results_key, start_running_time, end_result_backend_time, tracking_url, extra_json, tmp_schema_name, ctas_method, limiting_factor) FROM stdin;
\.


--
-- Data for Name: report_execution_log; Type: TABLE DATA; Schema: public; Owner: superset
--

COPY public.report_execution_log (id, scheduled_dttm, start_dttm, end_dttm, value, value_row_json, state, error_message, report_schedule_id, uuid) FROM stdin;
\.


--
-- Data for Name: report_recipient; Type: TABLE DATA; Schema: public; Owner: superset
--

COPY public.report_recipient (id, type, recipient_config_json, report_schedule_id, created_on, changed_on, created_by_fk, changed_by_fk) FROM stdin;
\.


--
-- Data for Name: report_schedule; Type: TABLE DATA; Schema: public; Owner: superset
--

COPY public.report_schedule (id, type, name, description, context_markdown, active, crontab, sql, chart_id, dashboard_id, database_id, last_eval_dttm, last_state, last_value, last_value_row_json, validator_type, validator_config_json, log_retention, grace_period, created_on, changed_on, created_by_fk, changed_by_fk, working_timeout, report_format, creation_method, timezone, extra_json, force_screenshot, custom_width, custom_height) FROM stdin;
\.


--
-- Data for Name: report_schedule_user; Type: TABLE DATA; Schema: public; Owner: superset
--

COPY public.report_schedule_user (id, user_id, report_schedule_id) FROM stdin;
\.


--
-- Data for Name: rls_filter_roles; Type: TABLE DATA; Schema: public; Owner: superset
--

COPY public.rls_filter_roles (id, role_id, rls_filter_id) FROM stdin;
\.


--
-- Data for Name: rls_filter_tables; Type: TABLE DATA; Schema: public; Owner: superset
--

COPY public.rls_filter_tables (id, table_id, rls_filter_id) FROM stdin;
\.


--
-- Data for Name: row_level_security_filters; Type: TABLE DATA; Schema: public; Owner: superset
--

COPY public.row_level_security_filters (created_on, changed_on, id, clause, created_by_fk, changed_by_fk, filter_type, group_key, name, description) FROM stdin;
\.


--
-- Data for Name: saved_query; Type: TABLE DATA; Schema: public; Owner: superset
--

COPY public.saved_query (created_on, changed_on, id, user_id, db_id, label, schema, sql, description, changed_by_fk, created_by_fk, extra_json, last_run, rows, uuid, template_parameters) FROM stdin;
\.


--
-- Data for Name: sl_columns; Type: TABLE DATA; Schema: public; Owner: superset
--

COPY public.sl_columns (uuid, created_on, changed_on, id, is_aggregation, is_additive, is_dimensional, is_filterable, is_increase_desired, is_managed_externally, is_partition, is_physical, is_temporal, is_spatial, name, type, unit, expression, description, warning_text, external_url, extra_json, created_by_fk, changed_by_fk, advanced_data_type) FROM stdin;
\.


--
-- Data for Name: sl_dataset_columns; Type: TABLE DATA; Schema: public; Owner: superset
--

COPY public.sl_dataset_columns (dataset_id, column_id) FROM stdin;
\.


--
-- Data for Name: sl_dataset_tables; Type: TABLE DATA; Schema: public; Owner: superset
--

COPY public.sl_dataset_tables (dataset_id, table_id) FROM stdin;
\.


--
-- Data for Name: sl_dataset_users; Type: TABLE DATA; Schema: public; Owner: superset
--

COPY public.sl_dataset_users (dataset_id, user_id) FROM stdin;
\.


--
-- Data for Name: sl_datasets; Type: TABLE DATA; Schema: public; Owner: superset
--

COPY public.sl_datasets (uuid, created_on, changed_on, id, database_id, is_physical, is_managed_externally, name, expression, external_url, extra_json, created_by_fk, changed_by_fk) FROM stdin;
\.


--
-- Data for Name: sl_table_columns; Type: TABLE DATA; Schema: public; Owner: superset
--

COPY public.sl_table_columns (table_id, column_id) FROM stdin;
\.


--
-- Data for Name: sl_tables; Type: TABLE DATA; Schema: public; Owner: superset
--

COPY public.sl_tables (uuid, created_on, changed_on, id, database_id, is_managed_externally, catalog, schema, name, external_url, extra_json, created_by_fk, changed_by_fk) FROM stdin;
\.


--
-- Data for Name: slice_user; Type: TABLE DATA; Schema: public; Owner: superset
--

COPY public.slice_user (id, user_id, slice_id) FROM stdin;
1	1	1
2	1	2
3	1	3
4	1	4
5	1	5
\.


--
-- Data for Name: slices; Type: TABLE DATA; Schema: public; Owner: superset
--

COPY public.slices (created_on, changed_on, id, slice_name, datasource_type, datasource_name, viz_type, params, created_by_fk, changed_by_fk, description, cache_timeout, perm, datasource_id, schema_perm, uuid, query_context, last_saved_at, last_saved_by_fk, certified_by, certification_details, is_managed_externally, external_url) FROM stdin;
2024-10-17 08:52:38.416928	2024-10-17 08:52:38.416932	1	Ana Aktivite Kodlarna Gre Gerekleen Maliyet Raporu	table	PlanlananGerceklesen	pie	{"datasource": "2__table", "viz_type": "pie", "slice_id": 102, "groupby": ["activity_main_desc"], "metric": {"aggregate": "SUM", "column": {"advanced_data_type": null, "certification_details": null, "certified_by": null, "column_name": "realized_costwv", "description": null, "expression": null, "filterable": true, "groupby": true, "id": 799, "is_certified": false, "is_dttm": false, "python_date_format": null, "type": "INTEGER", "type_generic": 0, "verbose_name": null, "warning_markdown": null}, "datasourceWarning": false, "expressionType": "SIMPLE", "hasCustomLabel": false, "label": "SUM(realized_costwv)", "optionName": "metric_571bg0aj41s_0y54z1aubm9", "sqlExpression": null}, "adhoc_filters": [{"clause": "WHERE", "comparator": "No filter", "expressionType": "SIMPLE", "operator": "TEMPORAL_RANGE", "subject": "txn_date"}], "row_limit": 100, "sort_by_metric": true, "color_scheme": "supersetColors", "show_labels_threshold": 1, "show_legend": true, "legendType": "scroll", "legendOrientation": "bottom", "legendMargin": 70, "label_type": "key_percent", "number_format": ",.2f", "currency_format": {}, "date_format": "smart_date", "show_labels": true, "labels_outside": true, "label_line": true, "show_total": true, "outerRadius": 76, "donut": false, "innerRadius": 30, "extra_form_data": {}, "dashboards": [34], "annotation_layers": []}	1	1	\N	\N	[superset].[PlanlananGerceklesen](id:2)	2	[superset].[public]	9fd34f3f-908e-4036-84e6-80c0d9255980	\N	\N	\N	\N	\N	f	\N
2024-10-17 08:52:38.484518	2024-10-17 08:52:38.484522	2	Planlanandeme - Tahsilat Raporu (Aylara Gre) - izgi	table	PlanlananOdemeTahsilat	echarts_timeseries_line	{"datasource": "3__table", "viz_type": "echarts_timeseries_line", "slice_id": 104, "x_axis": "txn_date_formatted", "x_axis_sort_asc": true, "x_axis_sort_series": "name", "x_axis_sort_series_ascending": true, "metrics": [{"expressionType": "SIMPLE", "column": {"advanced_data_type": null, "certification_details": null, "certified_by": null, "column_name": "planned_payment", "description": null, "expression": null, "filterable": true, "groupby": true, "id": 810, "is_certified": false, "is_dttm": false, "python_date_format": null, "type": "INTEGER", "type_generic": 0, "verbose_name": null, "warning_markdown": null}, "aggregate": "SUM", "sqlExpression": null, "datasourceWarning": false, "hasCustomLabel": true, "label": "Planlanan \\u00d6deme", "optionName": "metric_d9zs9f3at6q_snp8czsot9g"}, {"expressionType": "SIMPLE", "column": {"advanced_data_type": null, "certification_details": null, "certified_by": null, "column_name": "planned_receipt", "description": null, "expression": null, "filterable": true, "groupby": true, "id": 811, "is_certified": false, "is_dttm": false, "python_date_format": null, "type": "INTEGER", "type_generic": 0, "verbose_name": null, "warning_markdown": null}, "aggregate": "SUM", "sqlExpression": null, "datasourceWarning": false, "hasCustomLabel": true, "label": "Planlanan Tahsilat", "optionName": "metric_1drt8xnaom4_td35dosgxyi"}], "groupby": [], "contributionMode": null, "adhoc_filters": [{"clause": "WHERE", "comparator": "No filter", "expressionType": "SIMPLE", "operator": "TEMPORAL_RANGE", "subject": "txn_date"}], "timeseries_limit_metric": {"aggregate": "COUNT_DISTINCT", "column": {"advanced_data_type": null, "certification_details": null, "certified_by": null, "column_name": "txn_date_formatted", "description": null, "expression": "TO_CHAR(txn_date,'YYYY MM-Month')", "filterable": true, "groupby": true, "id": 815, "is_certified": false, "is_dttm": false, "python_date_format": "%Y/%m", "type": null, "type_generic": null, "verbose_name": null, "warning_markdown": null}, "datasourceWarning": false, "expressionType": "SIMPLE", "hasCustomLabel": false, "label": "COUNT_DISTINCT(txn_date_formatted)", "optionName": "metric_gvakkrd4bv8_m7mc3awrgse", "sqlExpression": null}, "order_desc": true, "row_limit": 50000, "truncate_metric": true, "show_empty_columns": true, "comparison_type": "values", "annotation_layers": [], "forecastPeriods": 10, "forecastInterval": 0.8, "x_axis_title": "Tarih", "x_axis_title_margin": 100, "y_axis_title": "Planlanan \\u251c\\u00fbdeme - Tahsilat", "y_axis_title_margin": 50, "y_axis_title_position": "Left", "sort_series_type": "sum", "sort_series_ascending": false, "color_scheme": "presetColors", "seriesType": "line", "show_value": true, "stack": null, "only_total": true, "area": false, "opacity": 0.2, "markerEnabled": true, "markerSize": 7, "zoomable": false, "minorTicks": true, "show_legend": true, "legendType": "scroll", "legendOrientation": "top", "x_axis_time_format": "%d/%m/%Y", "xAxisLabelRotation": 45, "rich_tooltip": true, "tooltipSortByMetric": false, "tooltipTimeFormat": "smart_date", "y_axis_format": "SMART_NUMBER", "logAxis": false, "minorSplitLine": false, "truncateXAxis": true, "truncateYAxis": false, "y_axis_bounds": [null, null], "extra_form_data": {}, "dashboards": [34]}	1	1	\N	\N	[superset].[PlanlananOdemeTahsilat](id:3)	3	[superset].[public]	d9730eb7-eedb-43ea-b740-32dd6d82e1dd	\N	\N	\N	\N	\N	f	\N
2024-10-17 08:52:38.540487	2024-10-17 08:52:38.540491	3	Planlanan - Gerekleen Maliyet - Aktivite Koduna Gre	table	PlanlananGerceklesen	dist_bar	{"datasource": "2__table", "viz_type": "dist_bar", "slice_id": 105, "metrics": [{"aggregate": "SUM", "column": {"advanced_data_type": null, "certification_details": null, "certified_by": null, "column_name": "planned_cost", "description": null, "expression": null, "filterable": true, "groupby": true, "id": 796, "is_certified": false, "is_dttm": false, "python_date_format": null, "type": "INTEGER", "type_generic": 0, "verbose_name": null, "warning_markdown": null}, "datasourceWarning": false, "expressionType": "SIMPLE", "hasCustomLabel": true, "label": "Planlanan Maliyet", "optionName": "metric_r7m4aoc3tgb_953oy4rkg5j", "sqlExpression": null}, {"aggregate": "SUM", "column": {"advanced_data_type": null, "certification_details": null, "certified_by": null, "column_name": "realized_costwv", "description": null, "expression": null, "filterable": true, "groupby": true, "id": 799, "is_certified": false, "is_dttm": false, "python_date_format": null, "type": "INTEGER", "type_generic": 0, "verbose_name": null, "warning_markdown": null}, "datasourceWarning": false, "expressionType": "SIMPLE", "hasCustomLabel": true, "label": "Ger\\u00e7ekle\\u015fen Maliyet", "optionName": "metric_wjwhruhoel_y1ncu30hcz", "sqlExpression": null}], "adhoc_filters": [{"clause": "WHERE", "comparator": "No filter", "datasourceWarning": false, "expressionType": "SIMPLE", "filterOptionName": "filter_60vpvka576h_pj2e1dkqpac", "isExtra": false, "isNew": false, "operator": "TEMPORAL_RANGE", "sqlExpression": null, "subject": "txn_date"}], "groupby": ["activity_main_desc"], "columns": [], "row_limit": 10000, "order_desc": true, "color_scheme": "supersetColors", "show_legend": true, "show_bar_value": true, "rich_tooltip": true, "bar_stacked": false, "order_bars": true, "y_axis_format": "SMART_NUMBER", "y_axis_label": "Planlanan - Ger\\u00e7ekle\\u015fen Maliyet", "show_controls": false, "y_axis_showminmax": true, "y_axis_bounds": [null, null], "x_axis_label": "Aktivie Ana Gruplar\\u0131", "bottom_margin": "auto", "x_ticks_layout": "auto", "reduce_x_ticks": false, "extra_form_data": {}, "dashboards": [34], "annotation_layers": []}	1	1	\N	\N	[superset].[PlanlananGerceklesen](id:2)	2	[superset].[public]	572eb5d8-d734-42b6-986b-c19395200725	\N	\N	\N	\N	\N	f	\N
2024-10-17 08:52:38.598321	2024-10-17 08:52:38.598325	4	Planlanan - Gerekleen Maliyet - GK Draft	table	PlanlananGerceklesen	dist_bar	{"datasource": "2__table", "viz_type": "dist_bar", "slice_id": 101, "metrics": [{"aggregate": "SUM", "column": {"advanced_data_type": null, "certification_details": null, "certified_by": null, "column_name": "planned_cost", "description": null, "expression": null, "filterable": true, "groupby": true, "id": 796, "is_certified": false, "is_dttm": false, "python_date_format": null, "type": "INTEGER", "type_generic": 0, "verbose_name": null, "warning_markdown": null}, "datasourceWarning": false, "expressionType": "SIMPLE", "hasCustomLabel": true, "label": "Planlanan Maliyet", "optionName": "metric_r7m4aoc3tgb_953oy4rkg5j", "sqlExpression": null}, {"aggregate": "SUM", "column": {"advanced_data_type": null, "certification_details": null, "certified_by": null, "column_name": "realized_costwv", "description": null, "expression": null, "filterable": true, "groupby": true, "id": 799, "is_certified": false, "is_dttm": false, "python_date_format": null, "type": "INTEGER", "type_generic": 0, "verbose_name": null, "warning_markdown": null}, "datasourceWarning": false, "expressionType": "SIMPLE", "hasCustomLabel": true, "label": "Ger\\u251c\\u00baekle\\u253c\\u0192en Maliyet", "optionName": "metric_wjwhruhoel_y1ncu30hcz", "sqlExpression": null}], "adhoc_filters": [{"clause": "WHERE", "comparator": "No filter", "datasourceWarning": false, "expressionType": "SIMPLE", "filterOptionName": "filter_60vpvka576h_pj2e1dkqpac", "isExtra": false, "isNew": false, "operator": "TEMPORAL_RANGE", "sqlExpression": null, "subject": "txn_date"}], "groupby": ["project_name"], "columns": [], "row_limit": 10000, "color_scheme": "supersetColors", "show_legend": true, "show_bar_value": true, "rich_tooltip": true, "bar_stacked": false, "order_bars": false, "y_axis_format": ",d", "y_axis_label": "Planlanan - Ger\\u251c\\u00baekle\\u253c\\u0192en Maliyet", "show_controls": false, "y_axis_showminmax": true, "y_axis_bounds": [null, null], "x_axis_label": "Proje", "bottom_margin": "auto", "x_ticks_layout": "auto", "reduce_x_ticks": false, "extra_form_data": {}, "dashboards": [34], "annotation_layers": []}	1	1	\N	\N	[superset].[PlanlananGerceklesen](id:2)	2	[superset].[public]	95d42e0e-514a-4290-ba83-f8333d4db425	\N	\N	\N	\N	\N	f	\N
2024-10-17 08:52:38.657466	2024-10-17 08:52:38.65747	5	Planlanan deme ve Tahsilat Raporu (Aylara Gre)	table	PlanlananOdemeTahsilat	dist_bar	{"datasource": "3__table", "viz_type": "dist_bar", "slice_id": 103, "metrics": [{"expressionType": "SIMPLE", "column": {"advanced_data_type": null, "certification_details": null, "certified_by": null, "column_name": "planned_payment", "description": null, "expression": null, "filterable": true, "groupby": true, "id": 810, "is_certified": false, "is_dttm": false, "python_date_format": null, "type": "INTEGER", "type_generic": 0, "verbose_name": null, "warning_markdown": null}, "aggregate": "SUM", "sqlExpression": null, "datasourceWarning": false, "hasCustomLabel": true, "label": "Planlanan \\u00d6deme", "optionName": "metric_5xzo1aflyuf_h3twxyy1p"}, {"expressionType": "SIMPLE", "column": {"advanced_data_type": null, "certification_details": null, "certified_by": null, "column_name": "planned_receipt", "description": null, "expression": null, "filterable": true, "groupby": true, "id": 811, "is_certified": false, "is_dttm": false, "python_date_format": null, "type": "INTEGER", "type_generic": 0, "verbose_name": null, "warning_markdown": null}, "aggregate": "SUM", "sqlExpression": null, "datasourceWarning": false, "hasCustomLabel": true, "label": "Planlanan Tahsilat", "optionName": "metric_cfbnkexx7pk_8s4qlavdkqm"}], "adhoc_filters": [{"clause": "WHERE", "comparator": "No filter", "expressionType": "SIMPLE", "operator": "TEMPORAL_RANGE", "subject": "txn_date"}], "groupby": ["txn_date_formatted"], "columns": [], "row_limit": 10000, "timeseries_limit_metric": {"aggregate": "COUNT_DISTINCT", "column": {"advanced_data_type": null, "certification_details": null, "certified_by": null, "column_name": "txn_date_formatted", "description": null, "expression": "TO_CHAR(txn_date,'YYYY MM-Month')", "filterable": true, "groupby": true, "id": 815, "is_certified": false, "is_dttm": false, "python_date_format": "%Y/%m", "type": null, "type_generic": null, "verbose_name": null, "warning_markdown": null}, "datasourceWarning": false, "expressionType": "SIMPLE", "hasCustomLabel": false, "label": "COUNT_DISTINCT(txn_date_formatted)", "optionName": "metric_z8ovwq4tql_z0wpaugny38", "sqlExpression": null}, "order_desc": false, "contribution": false, "color_scheme": "echarts4Colors", "show_legend": true, "show_bar_value": true, "rich_tooltip": true, "bar_stacked": false, "order_bars": false, "y_axis_format": "SMART_NUMBER", "y_axis_label": "Planlanan \\u251c\\u00fbdeme - Tahsilat", "show_controls": false, "y_axis_showminmax": true, "y_axis_bounds": [0, null], "x_axis_label": "Tarih", "bottom_margin": 100, "x_ticks_layout": "auto", "reduce_x_ticks": false, "extra_form_data": {}, "dashboards": [34], "annotation_layers": []}	1	1	\N	\N	[superset].[PlanlananOdemeTahsilat](id:3)	3	[superset].[public]	f9ef4231-1460-4952-ac24-8f2458b11b70	\N	\N	\N	\N	\N	f	\N
\.


--
-- Data for Name: sql_metrics; Type: TABLE DATA; Schema: public; Owner: superset
--

COPY public.sql_metrics (created_on, changed_on, id, metric_name, verbose_name, metric_type, table_id, expression, description, created_by_fk, changed_by_fk, d3format, warning_text, extra, uuid, currency) FROM stdin;
2024-10-17 08:52:36.89414	2024-10-17 08:52:36.894143	1	count	COUNT(*)	count	1	COUNT(*)	\N	1	1	\N	\N	\N	6ec5ebd3-8939-44c1-9a72-fc8db12598c4	\N
2024-10-17 08:52:37.551943	2024-10-17 08:52:37.551947	2	count	COUNT(*)	count	2	COUNT(*)	\N	1	1	\N	\N	\N	5d25c9a0-9c17-4cc5-b200-6cc06108bc05	\N
2024-10-17 08:52:38.03173	2024-10-17 08:52:38.031734	3	count	COUNT(*)	count	3	COUNT(*)	\N	1	1	\N	\N	{"warning_markdown": ""}	ca350428-d321-4ba8-aea5-a2caf55b7d70	\N
\.


--
-- Data for Name: sqlatable_user; Type: TABLE DATA; Schema: public; Owner: superset
--

COPY public.sqlatable_user (id, user_id, table_id) FROM stdin;
1	1	1
2	1	2
3	1	3
\.


--
-- Data for Name: ssh_tunnels; Type: TABLE DATA; Schema: public; Owner: superset
--

COPY public.ssh_tunnels (created_on, changed_on, created_by_fk, changed_by_fk, extra_json, uuid, id, database_id, server_address, server_port, username, password, private_key, private_key_password) FROM stdin;
\.


--
-- Data for Name: tab_state; Type: TABLE DATA; Schema: public; Owner: superset
--

COPY public.tab_state (created_on, changed_on, extra_json, id, user_id, label, active, database_id, schema, sql, query_limit, latest_query_id, autorun, template_params, created_by_fk, changed_by_fk, hide_left_bar, saved_query_id) FROM stdin;
\.


--
-- Data for Name: table_columns; Type: TABLE DATA; Schema: public; Owner: superset
--

COPY public.table_columns (created_on, changed_on, id, table_id, column_name, is_dttm, is_active, type, groupby, filterable, description, created_by_fk, changed_by_fk, expression, verbose_name, python_date_format, uuid, extra, advanced_data_type) FROM stdin;
2024-10-17 08:52:36.928651	2024-10-17 08:52:36.928657	1	1	faturatarihi	t	t	DATE	t	t	\N	1	1	\N	\N	\N	4e9dbb79-2c4a-4398-a38e-3f3b9672351c	\N	\N
2024-10-17 08:52:36.972213	2024-10-17 08:52:36.972216	2	1	toplammaliyetkdv	f	t	INTEGER	t	t	\N	1	1	\N	\N	\N	71927210-fe59-452a-9375-878522cb9f99	\N	\N
2024-10-17 08:52:37.002218	2024-10-17 08:52:37.002222	3	1	toplammaliyet	f	t	INTEGER	t	t	\N	1	1	\N	\N	\N	76481d7c-24f0-4b33-8b97-fbfbaf782cf7	\N	\N
2024-10-17 08:52:37.020905	2024-10-17 08:52:37.020909	4	1	kaynakadi	f	t	TEXT	t	t	\N	1	1	\N	\N	\N	22cc7396-851e-411b-aa91-2ab969e756b2	\N	\N
2024-10-17 08:52:37.045107	2024-10-17 08:52:37.045111	5	1	firma	f	t	TEXT	t	t	\N	1	1	\N	\N	\N	e8296dad-8d77-451a-94d2-633e58e5fa56	\N	\N
2024-10-17 08:52:37.069316	2024-10-17 08:52:37.069319	6	1	miktar	f	t	TEXT	t	t	\N	1	1	\N	\N	\N	069fd61d-6b2a-433a-84b0-8ffb4c6fb86d	\N	\N
2024-10-17 08:52:37.091079	2024-10-17 08:52:37.091083	7	1	proje	f	t	TEXT	t	t	\N	1	1	\N	\N	\N	7c5ff6cb-1720-4d79-a290-bdd565cb3ada	\N	\N
2024-10-17 08:52:37.110273	2024-10-17 08:52:37.110277	8	1	unit	f	t	TEXT	t	t	\N	1	1	\N	\N	\N	3739093b-0e06-45a9-b081-49ab0f6c3606	\N	\N
2024-10-17 08:52:37.575512	2024-10-17 08:52:37.575515	9	2	txn_date	t	t	DATE	t	t	\N	1	1	\N	\N	\N	9392b8e2-20e7-4808-b510-39713b6030f7	\N	\N
2024-10-17 08:52:37.591642	2024-10-17 08:52:37.591647	10	2	realized_costwv	f	t	INTEGER	t	t	\N	1	1	\N	\N	\N	bc903a1b-ae5f-441a-9155-0c8a78205e4b	\N	\N
2024-10-17 08:52:37.615088	2024-10-17 08:52:37.615092	11	2	realized_cost	f	t	INTEGER	t	t	\N	1	1	\N	\N	\N	af9dbd8a-fe18-4667-89d1-4d7da3e059e9	\N	\N
2024-10-17 08:52:37.638236	2024-10-17 08:52:37.63824	12	2	planned_costwv	f	t	INTEGER	t	t	\N	1	1	\N	\N	\N	a6d71183-453a-4a39-970c-32387c94f1a4	\N	\N
2024-10-17 08:52:37.662572	2024-10-17 08:52:37.662587	13	2	planned_cost	f	t	INTEGER	t	t	\N	1	1	\N	\N	\N	2e65be55-acd2-4aea-9090-2563e3f665bb	\N	\N
2024-10-17 08:52:37.68705	2024-10-17 08:52:37.687053	14	2	quantity	f	t	INTEGER	t	t	\N	1	1	\N	\N	\N	bb57bd71-5754-4a68-8e09-ea79d065b0f4	\N	\N
2024-10-17 08:52:37.714036	2024-10-17 08:52:37.71404	15	2	activity_main_desc	f	t	TEXT	t	t	\N	1	1	\N	\N	\N	79078acd-c4e9-407e-9cfb-a3d165aa6360	\N	\N
2024-10-17 08:52:37.757227	2024-10-17 08:52:37.757233	16	2	project_name	f	t	TEXT	t	t	\N	1	1	\N	\N	\N	36b7c088-c0b4-4509-b584-1aa68b6b34eb	\N	\N
2024-10-17 08:52:37.780271	2024-10-17 08:52:37.780275	17	2	form_type	f	t	TEXT	t	t	\N	1	1	\N	\N	\N	35811916-9220-4865-8833-95bda16b2e3a	\N	\N
2024-10-17 08:52:37.80851	2024-10-17 08:52:37.808514	18	2	company	f	t	TEXT	t	t	\N	1	1	\N	\N	\N	e82f6b3d-8bbc-4049-a0d8-87e26d84cdc6	\N	\N
2024-10-17 08:52:37.831081	2024-10-17 08:52:37.831085	19	2	unit	f	t	TEXT	t	t	\N	1	1	\N	\N	\N	040fe3b7-f371-4765-9618-53c6c66ce5f1	\N	\N
2024-10-17 08:52:38.059608	2024-10-17 08:52:38.059612	20	3	txn_date_formatted	f	t	\N	t	t	\N	1	1	TO_CHAR(txn_date,'YYYY MM-Month')	\N	%Y/%m	6355bb3f-e5fb-45ab-805f-7da950fff209	{}	\N
2024-10-17 08:52:38.082692	2024-10-17 08:52:38.082696	21	3	txn_date	t	t	DATE	t	t	\N	1	1	\N	\N	%Y/%m	ea76fdde-44c5-42b4-a570-bba7bfe5ddde	{}	\N
2024-10-17 08:52:38.106196	2024-10-17 08:52:38.106201	22	3	payment_date	t	t	DATE	t	t	\N	1	1	\N	\N	\N	5a287b60-d7cd-48b5-a53a-2a4f340462cd	{}	\N
2024-10-17 08:52:38.128924	2024-10-17 08:52:38.128928	23	3	planned_payment	f	t	INTEGER	t	t	\N	1	1	\N	\N	\N	f6616f39-272a-42f5-b089-c74a5bf3f9e2	{}	\N
2024-10-17 08:52:38.155651	2024-10-17 08:52:38.155655	24	3	planned_receipt	f	t	INTEGER	t	t	\N	1	1	\N	\N	\N	67583dc7-3e13-44fb-b82f-d2b0a0add343	{}	\N
2024-10-17 08:52:38.179168	2024-10-17 08:52:38.179172	25	3	resource_code	f	t	TEXT	t	t	\N	1	1	\N	\N	\N	0ff3a6e3-b3a3-44a1-89ae-85e1470a673a	{}	\N
2024-10-17 08:52:38.20369	2024-10-17 08:52:38.203694	26	3	resource_desc	f	t	TEXT	t	t	\N	1	1	\N	\N	\N	140ee197-f3b6-419e-a8ab-c0e3759a1242	{}	\N
2024-10-17 08:52:38.227003	2024-10-17 08:52:38.227008	27	3	document_no	f	t	TEXT	t	t	\N	1	1	\N	\N	\N	14ed4dd8-aae7-4742-b446-47aac5d87cbb	{}	\N
2024-10-17 08:52:38.246784	2024-10-17 08:52:38.246788	28	3	doc_type	f	t	TEXT	t	t	\N	1	1	\N	\N	\N	72f94f1f-800d-47b8-8767-c4ec11c466e2	{}	\N
2024-10-17 08:52:38.2768	2024-10-17 08:52:38.276805	29	3	project	f	t	TEXT	t	t	\N	1	1	\N	\N	\N	4bdbfeae-4f91-4730-b8ba-203adecd4554	{}	\N
2024-10-17 08:52:38.304865	2024-10-17 08:52:38.30487	30	3	supplier	f	t	TEXT	t	t	\N	1	1	\N	\N	\N	35442aea-9999-44a2-919a-3076a7da78cb	{}	\N
\.


--
-- Data for Name: table_schema; Type: TABLE DATA; Schema: public; Owner: superset
--

COPY public.table_schema (created_on, changed_on, extra_json, id, tab_state_id, database_id, schema, "table", description, expanded, created_by_fk, changed_by_fk) FROM stdin;
\.


--
-- Data for Name: tables; Type: TABLE DATA; Schema: public; Owner: superset
--

COPY public.tables (created_on, changed_on, id, table_name, main_dttm_col, default_endpoint, database_id, created_by_fk, changed_by_fk, "offset", description, is_featured, cache_timeout, schema, sql, params, perm, filter_select_enabled, fetch_values_predicate, is_sqllab_view, template_params, schema_perm, extra, uuid, is_managed_externally, external_url, normalize_columns, always_filter_main_dttm) FROM stdin;
2024-10-17 08:52:36.734891	2024-10-17 08:52:36.86347	1	KesinlesmisMaliyet	faturatarihi	\N	1	1	1	0	\N	f	\N	public	\N	\N	[superset].[KesinlesmisMaliyet](id:1)	t	\N	f	\N	[superset].[public]	\N	c531b865-4984-4ab2-acdc-3445749d9420	f	\N	f	f
2024-10-17 08:52:37.431026	2024-10-17 08:52:37.527974	2	PlanlananGerceklesen	txn_date	\N	1	1	1	0	\N	f	\N	public	\N	\N	[superset].[PlanlananGerceklesen](id:2)	t	\N	f	\N	[superset].[public]	\N	f571b616-7740-461b-b5b9-6387920101c6	f	\N	f	f
2024-10-17 08:52:37.915109	2024-10-17 08:52:38.007464	3	PlanlananOdemeTahsilat	txn_date	\N	1	1	1	0	\N	f	\N	public		\N	[superset].[PlanlananOdemeTahsilat](id:3)	t	\N	f	\N	[superset].[public]	\N	75c8668c-0bac-4cf8-be3d-a81653af7e5b	f	\N	f	f
\.


--
-- Data for Name: tag; Type: TABLE DATA; Schema: public; Owner: superset
--

COPY public.tag (created_on, changed_on, id, name, type, created_by_fk, changed_by_fk, description) FROM stdin;
\.


--
-- Data for Name: tagged_object; Type: TABLE DATA; Schema: public; Owner: superset
--

COPY public.tagged_object (created_on, changed_on, id, tag_id, object_id, object_type, created_by_fk, changed_by_fk) FROM stdin;
\.


--
-- Data for Name: user_attribute; Type: TABLE DATA; Schema: public; Owner: superset
--

COPY public.user_attribute (created_on, changed_on, id, user_id, welcome_dashboard_id, created_by_fk, changed_by_fk) FROM stdin;
\.


--
-- Data for Name: user_favorite_tag; Type: TABLE DATA; Schema: public; Owner: superset
--

COPY public.user_favorite_tag (user_id, tag_id) FROM stdin;
\.


--
-- Name: ab_permission_id_seq; Type: SEQUENCE SET; Schema: public; Owner: superset
--

SELECT pg_catalog.setval('public.ab_permission_id_seq', 72, true);


--
-- Name: ab_permission_view_id_seq; Type: SEQUENCE SET; Schema: public; Owner: superset
--

SELECT pg_catalog.setval('public.ab_permission_view_id_seq', 173, true);


--
-- Name: ab_permission_view_role_id_seq; Type: SEQUENCE SET; Schema: public; Owner: superset
--

SELECT pg_catalog.setval('public.ab_permission_view_role_id_seq', 374, true);


--
-- Name: ab_register_user_id_seq; Type: SEQUENCE SET; Schema: public; Owner: superset
--

SELECT pg_catalog.setval('public.ab_register_user_id_seq', 1, false);


--
-- Name: ab_role_id_seq; Type: SEQUENCE SET; Schema: public; Owner: superset
--

SELECT pg_catalog.setval('public.ab_role_id_seq', 5, true);


--
-- Name: ab_user_id_seq; Type: SEQUENCE SET; Schema: public; Owner: superset
--

SELECT pg_catalog.setval('public.ab_user_id_seq', 1, true);


--
-- Name: ab_user_role_id_seq; Type: SEQUENCE SET; Schema: public; Owner: superset
--

SELECT pg_catalog.setval('public.ab_user_role_id_seq', 1, true);


--
-- Name: ab_view_menu_id_seq; Type: SEQUENCE SET; Schema: public; Owner: superset
--

SELECT pg_catalog.setval('public.ab_view_menu_id_seq', 81, true);


--
-- Name: annotation_id_seq; Type: SEQUENCE SET; Schema: public; Owner: superset
--

SELECT pg_catalog.setval('public.annotation_id_seq', 1, false);


--
-- Name: annotation_layer_id_seq; Type: SEQUENCE SET; Schema: public; Owner: superset
--

SELECT pg_catalog.setval('public.annotation_layer_id_seq', 1, false);


--
-- Name: cache_keys_id_seq; Type: SEQUENCE SET; Schema: public; Owner: superset
--

SELECT pg_catalog.setval('public.cache_keys_id_seq', 1, false);


--
-- Name: css_templates_id_seq; Type: SEQUENCE SET; Schema: public; Owner: superset
--

SELECT pg_catalog.setval('public.css_templates_id_seq', 1, false);


--
-- Name: dashboard_roles_id_seq; Type: SEQUENCE SET; Schema: public; Owner: superset
--

SELECT pg_catalog.setval('public.dashboard_roles_id_seq', 1, false);


--
-- Name: dashboard_slices_id_seq; Type: SEQUENCE SET; Schema: public; Owner: superset
--

SELECT pg_catalog.setval('public.dashboard_slices_id_seq', 5, true);


--
-- Name: dashboard_user_id_seq; Type: SEQUENCE SET; Schema: public; Owner: superset
--

SELECT pg_catalog.setval('public.dashboard_user_id_seq', 1, true);


--
-- Name: dashboards_id_seq; Type: SEQUENCE SET; Schema: public; Owner: superset
--

SELECT pg_catalog.setval('public.dashboards_id_seq', 1, true);


--
-- Name: dbs_id_seq; Type: SEQUENCE SET; Schema: public; Owner: superset
--

SELECT pg_catalog.setval('public.dbs_id_seq', 1, true);


--
-- Name: dynamic_plugin_id_seq; Type: SEQUENCE SET; Schema: public; Owner: superset
--

SELECT pg_catalog.setval('public.dynamic_plugin_id_seq', 1, false);


--
-- Name: favstar_id_seq; Type: SEQUENCE SET; Schema: public; Owner: superset
--

SELECT pg_catalog.setval('public.favstar_id_seq', 1, false);


--
-- Name: key_value_id_seq; Type: SEQUENCE SET; Schema: public; Owner: superset
--

SELECT pg_catalog.setval('public.key_value_id_seq', 1, false);


--
-- Name: keyvalue_id_seq; Type: SEQUENCE SET; Schema: public; Owner: superset
--

SELECT pg_catalog.setval('public.keyvalue_id_seq', 1, false);


--
-- Name: logs_id_seq; Type: SEQUENCE SET; Schema: public; Owner: superset
--

SELECT pg_catalog.setval('public.logs_id_seq', 33, true);


--
-- Name: query_id_seq; Type: SEQUENCE SET; Schema: public; Owner: superset
--

SELECT pg_catalog.setval('public.query_id_seq', 1, false);


--
-- Name: report_execution_log_id_seq; Type: SEQUENCE SET; Schema: public; Owner: superset
--

SELECT pg_catalog.setval('public.report_execution_log_id_seq', 1, false);


--
-- Name: report_recipient_id_seq; Type: SEQUENCE SET; Schema: public; Owner: superset
--

SELECT pg_catalog.setval('public.report_recipient_id_seq', 1, false);


--
-- Name: report_schedule_id_seq; Type: SEQUENCE SET; Schema: public; Owner: superset
--

SELECT pg_catalog.setval('public.report_schedule_id_seq', 1, false);


--
-- Name: report_schedule_user_id_seq; Type: SEQUENCE SET; Schema: public; Owner: superset
--

SELECT pg_catalog.setval('public.report_schedule_user_id_seq', 1, false);


--
-- Name: rls_filter_roles_id_seq; Type: SEQUENCE SET; Schema: public; Owner: superset
--

SELECT pg_catalog.setval('public.rls_filter_roles_id_seq', 1, false);


--
-- Name: rls_filter_tables_id_seq; Type: SEQUENCE SET; Schema: public; Owner: superset
--

SELECT pg_catalog.setval('public.rls_filter_tables_id_seq', 1, false);


--
-- Name: row_level_security_filters_id_seq; Type: SEQUENCE SET; Schema: public; Owner: superset
--

SELECT pg_catalog.setval('public.row_level_security_filters_id_seq', 1, false);


--
-- Name: saved_query_id_seq; Type: SEQUENCE SET; Schema: public; Owner: superset
--

SELECT pg_catalog.setval('public.saved_query_id_seq', 1, false);


--
-- Name: sl_columns_id_seq; Type: SEQUENCE SET; Schema: public; Owner: superset
--

SELECT pg_catalog.setval('public.sl_columns_id_seq', 1, false);


--
-- Name: sl_datasets_id_seq; Type: SEQUENCE SET; Schema: public; Owner: superset
--

SELECT pg_catalog.setval('public.sl_datasets_id_seq', 1, false);


--
-- Name: sl_tables_id_seq; Type: SEQUENCE SET; Schema: public; Owner: superset
--

SELECT pg_catalog.setval('public.sl_tables_id_seq', 1, false);


--
-- Name: slice_user_id_seq; Type: SEQUENCE SET; Schema: public; Owner: superset
--

SELECT pg_catalog.setval('public.slice_user_id_seq', 5, true);


--
-- Name: slices_id_seq; Type: SEQUENCE SET; Schema: public; Owner: superset
--

SELECT pg_catalog.setval('public.slices_id_seq', 5, true);


--
-- Name: sql_metrics_id_seq; Type: SEQUENCE SET; Schema: public; Owner: superset
--

SELECT pg_catalog.setval('public.sql_metrics_id_seq', 3, true);


--
-- Name: sqlatable_user_id_seq; Type: SEQUENCE SET; Schema: public; Owner: superset
--

SELECT pg_catalog.setval('public.sqlatable_user_id_seq', 3, true);


--
-- Name: ssh_tunnels_id_seq; Type: SEQUENCE SET; Schema: public; Owner: superset
--

SELECT pg_catalog.setval('public.ssh_tunnels_id_seq', 1, false);


--
-- Name: tab_state_id_seq; Type: SEQUENCE SET; Schema: public; Owner: superset
--

SELECT pg_catalog.setval('public.tab_state_id_seq', 1, false);


--
-- Name: table_columns_id_seq; Type: SEQUENCE SET; Schema: public; Owner: superset
--

SELECT pg_catalog.setval('public.table_columns_id_seq', 30, true);


--
-- Name: table_schema_id_seq; Type: SEQUENCE SET; Schema: public; Owner: superset
--

SELECT pg_catalog.setval('public.table_schema_id_seq', 1, false);


--
-- Name: tables_id_seq; Type: SEQUENCE SET; Schema: public; Owner: superset
--

SELECT pg_catalog.setval('public.tables_id_seq', 3, true);


--
-- Name: tag_id_seq; Type: SEQUENCE SET; Schema: public; Owner: superset
--

SELECT pg_catalog.setval('public.tag_id_seq', 1, false);


--
-- Name: tagged_object_id_seq; Type: SEQUENCE SET; Schema: public; Owner: superset
--

SELECT pg_catalog.setval('public.tagged_object_id_seq', 1, false);


--
-- Name: user_attribute_id_seq; Type: SEQUENCE SET; Schema: public; Owner: superset
--

SELECT pg_catalog.setval('public.user_attribute_id_seq', 1, false);


--
-- Name: tables _customer_location_uc; Type: CONSTRAINT; Schema: public; Owner: superset
--

ALTER TABLE ONLY public.tables
    ADD CONSTRAINT _customer_location_uc UNIQUE (database_id, schema, table_name);


--
-- Name: ab_permission ab_permission_name_key; Type: CONSTRAINT; Schema: public; Owner: superset
--

ALTER TABLE ONLY public.ab_permission
    ADD CONSTRAINT ab_permission_name_key UNIQUE (name);


--
-- Name: ab_permission ab_permission_pkey; Type: CONSTRAINT; Schema: public; Owner: superset
--

ALTER TABLE ONLY public.ab_permission
    ADD CONSTRAINT ab_permission_pkey PRIMARY KEY (id);


--
-- Name: ab_permission_view ab_permission_view_permission_id_view_menu_id_key; Type: CONSTRAINT; Schema: public; Owner: superset
--

ALTER TABLE ONLY public.ab_permission_view
    ADD CONSTRAINT ab_permission_view_permission_id_view_menu_id_key UNIQUE (permission_id, view_menu_id);


--
-- Name: ab_permission_view ab_permission_view_pkey; Type: CONSTRAINT; Schema: public; Owner: superset
--

ALTER TABLE ONLY public.ab_permission_view
    ADD CONSTRAINT ab_permission_view_pkey PRIMARY KEY (id);


--
-- Name: ab_permission_view_role ab_permission_view_role_permission_view_id_role_id_key; Type: CONSTRAINT; Schema: public; Owner: superset
--

ALTER TABLE ONLY public.ab_permission_view_role
    ADD CONSTRAINT ab_permission_view_role_permission_view_id_role_id_key UNIQUE (permission_view_id, role_id);


--
-- Name: ab_permission_view_role ab_permission_view_role_pkey; Type: CONSTRAINT; Schema: public; Owner: superset
--

ALTER TABLE ONLY public.ab_permission_view_role
    ADD CONSTRAINT ab_permission_view_role_pkey PRIMARY KEY (id);


--
-- Name: ab_register_user ab_register_user_pkey; Type: CONSTRAINT; Schema: public; Owner: superset
--

ALTER TABLE ONLY public.ab_register_user
    ADD CONSTRAINT ab_register_user_pkey PRIMARY KEY (id);


--
-- Name: ab_register_user ab_register_user_username_key; Type: CONSTRAINT; Schema: public; Owner: superset
--

ALTER TABLE ONLY public.ab_register_user
    ADD CONSTRAINT ab_register_user_username_key UNIQUE (username);


--
-- Name: ab_role ab_role_name_key; Type: CONSTRAINT; Schema: public; Owner: superset
--

ALTER TABLE ONLY public.ab_role
    ADD CONSTRAINT ab_role_name_key UNIQUE (name);


--
-- Name: ab_role ab_role_pkey; Type: CONSTRAINT; Schema: public; Owner: superset
--

ALTER TABLE ONLY public.ab_role
    ADD CONSTRAINT ab_role_pkey PRIMARY KEY (id);


--
-- Name: ab_user ab_user_email_key; Type: CONSTRAINT; Schema: public; Owner: superset
--

ALTER TABLE ONLY public.ab_user
    ADD CONSTRAINT ab_user_email_key UNIQUE (email);


--
-- Name: ab_user ab_user_pkey; Type: CONSTRAINT; Schema: public; Owner: superset
--

ALTER TABLE ONLY public.ab_user
    ADD CONSTRAINT ab_user_pkey PRIMARY KEY (id);


--
-- Name: ab_user_role ab_user_role_pkey; Type: CONSTRAINT; Schema: public; Owner: superset
--

ALTER TABLE ONLY public.ab_user_role
    ADD CONSTRAINT ab_user_role_pkey PRIMARY KEY (id);


--
-- Name: ab_user_role ab_user_role_user_id_role_id_key; Type: CONSTRAINT; Schema: public; Owner: superset
--

ALTER TABLE ONLY public.ab_user_role
    ADD CONSTRAINT ab_user_role_user_id_role_id_key UNIQUE (user_id, role_id);


--
-- Name: ab_user ab_user_username_key; Type: CONSTRAINT; Schema: public; Owner: superset
--

ALTER TABLE ONLY public.ab_user
    ADD CONSTRAINT ab_user_username_key UNIQUE (username);


--
-- Name: ab_view_menu ab_view_menu_name_key; Type: CONSTRAINT; Schema: public; Owner: superset
--

ALTER TABLE ONLY public.ab_view_menu
    ADD CONSTRAINT ab_view_menu_name_key UNIQUE (name);


--
-- Name: ab_view_menu ab_view_menu_pkey; Type: CONSTRAINT; Schema: public; Owner: superset
--

ALTER TABLE ONLY public.ab_view_menu
    ADD CONSTRAINT ab_view_menu_pkey PRIMARY KEY (id);


--
-- Name: alembic_version alembic_version_pkc; Type: CONSTRAINT; Schema: public; Owner: superset
--

ALTER TABLE ONLY public.alembic_version
    ADD CONSTRAINT alembic_version_pkc PRIMARY KEY (version_num);


--
-- Name: annotation_layer annotation_layer_pkey; Type: CONSTRAINT; Schema: public; Owner: superset
--

ALTER TABLE ONLY public.annotation_layer
    ADD CONSTRAINT annotation_layer_pkey PRIMARY KEY (id);


--
-- Name: annotation annotation_pkey; Type: CONSTRAINT; Schema: public; Owner: superset
--

ALTER TABLE ONLY public.annotation
    ADD CONSTRAINT annotation_pkey PRIMARY KEY (id);


--
-- Name: cache_keys cache_keys_pkey; Type: CONSTRAINT; Schema: public; Owner: superset
--

ALTER TABLE ONLY public.cache_keys
    ADD CONSTRAINT cache_keys_pkey PRIMARY KEY (id);


--
-- Name: query client_id; Type: CONSTRAINT; Schema: public; Owner: superset
--

ALTER TABLE ONLY public.query
    ADD CONSTRAINT client_id UNIQUE (client_id);


--
-- Name: css_templates css_templates_pkey; Type: CONSTRAINT; Schema: public; Owner: superset
--

ALTER TABLE ONLY public.css_templates
    ADD CONSTRAINT css_templates_pkey PRIMARY KEY (id);


--
-- Name: dashboard_roles dashboard_roles_pkey; Type: CONSTRAINT; Schema: public; Owner: superset
--

ALTER TABLE ONLY public.dashboard_roles
    ADD CONSTRAINT dashboard_roles_pkey PRIMARY KEY (id);


--
-- Name: dashboard_slices dashboard_slices_pkey; Type: CONSTRAINT; Schema: public; Owner: superset
--

ALTER TABLE ONLY public.dashboard_slices
    ADD CONSTRAINT dashboard_slices_pkey PRIMARY KEY (id);


--
-- Name: dashboard_user dashboard_user_pkey; Type: CONSTRAINT; Schema: public; Owner: superset
--

ALTER TABLE ONLY public.dashboard_user
    ADD CONSTRAINT dashboard_user_pkey PRIMARY KEY (id);


--
-- Name: dashboards dashboards_pkey; Type: CONSTRAINT; Schema: public; Owner: superset
--

ALTER TABLE ONLY public.dashboards
    ADD CONSTRAINT dashboards_pkey PRIMARY KEY (id);


--
-- Name: dbs dbs_database_name_key; Type: CONSTRAINT; Schema: public; Owner: superset
--

ALTER TABLE ONLY public.dbs
    ADD CONSTRAINT dbs_database_name_key UNIQUE (database_name);


--
-- Name: dbs dbs_pkey; Type: CONSTRAINT; Schema: public; Owner: superset
--

ALTER TABLE ONLY public.dbs
    ADD CONSTRAINT dbs_pkey PRIMARY KEY (id);


--
-- Name: dbs dbs_verbose_name_key; Type: CONSTRAINT; Schema: public; Owner: superset
--

ALTER TABLE ONLY public.dbs
    ADD CONSTRAINT dbs_verbose_name_key UNIQUE (verbose_name);


--
-- Name: dynamic_plugin dynamic_plugin_key_key; Type: CONSTRAINT; Schema: public; Owner: superset
--

ALTER TABLE ONLY public.dynamic_plugin
    ADD CONSTRAINT dynamic_plugin_key_key UNIQUE (key);


--
-- Name: dynamic_plugin dynamic_plugin_name_key; Type: CONSTRAINT; Schema: public; Owner: superset
--

ALTER TABLE ONLY public.dynamic_plugin
    ADD CONSTRAINT dynamic_plugin_name_key UNIQUE (name);


--
-- Name: dynamic_plugin dynamic_plugin_pkey; Type: CONSTRAINT; Schema: public; Owner: superset
--

ALTER TABLE ONLY public.dynamic_plugin
    ADD CONSTRAINT dynamic_plugin_pkey PRIMARY KEY (id);


--
-- Name: favstar favstar_pkey; Type: CONSTRAINT; Schema: public; Owner: superset
--

ALTER TABLE ONLY public.favstar
    ADD CONSTRAINT favstar_pkey PRIMARY KEY (id);


--
-- Name: dashboards idx_unique_slug; Type: CONSTRAINT; Schema: public; Owner: superset
--

ALTER TABLE ONLY public.dashboards
    ADD CONSTRAINT idx_unique_slug UNIQUE (slug);


--
-- Name: key_value key_value_pkey; Type: CONSTRAINT; Schema: public; Owner: superset
--

ALTER TABLE ONLY public.key_value
    ADD CONSTRAINT key_value_pkey PRIMARY KEY (id);


--
-- Name: keyvalue keyvalue_pkey; Type: CONSTRAINT; Schema: public; Owner: superset
--

ALTER TABLE ONLY public.keyvalue
    ADD CONSTRAINT keyvalue_pkey PRIMARY KEY (id);


--
-- Name: logs logs_pkey; Type: CONSTRAINT; Schema: public; Owner: superset
--

ALTER TABLE ONLY public.logs
    ADD CONSTRAINT logs_pkey PRIMARY KEY (id);


--
-- Name: query query_pkey; Type: CONSTRAINT; Schema: public; Owner: superset
--

ALTER TABLE ONLY public.query
    ADD CONSTRAINT query_pkey PRIMARY KEY (id);


--
-- Name: report_execution_log report_execution_log_pkey; Type: CONSTRAINT; Schema: public; Owner: superset
--

ALTER TABLE ONLY public.report_execution_log
    ADD CONSTRAINT report_execution_log_pkey PRIMARY KEY (id);


--
-- Name: report_recipient report_recipient_pkey; Type: CONSTRAINT; Schema: public; Owner: superset
--

ALTER TABLE ONLY public.report_recipient
    ADD CONSTRAINT report_recipient_pkey PRIMARY KEY (id);


--
-- Name: report_schedule report_schedule_pkey; Type: CONSTRAINT; Schema: public; Owner: superset
--

ALTER TABLE ONLY public.report_schedule
    ADD CONSTRAINT report_schedule_pkey PRIMARY KEY (id);


--
-- Name: report_schedule_user report_schedule_user_pkey; Type: CONSTRAINT; Schema: public; Owner: superset
--

ALTER TABLE ONLY public.report_schedule_user
    ADD CONSTRAINT report_schedule_user_pkey PRIMARY KEY (id);


--
-- Name: rls_filter_roles rls_filter_roles_pkey; Type: CONSTRAINT; Schema: public; Owner: superset
--

ALTER TABLE ONLY public.rls_filter_roles
    ADD CONSTRAINT rls_filter_roles_pkey PRIMARY KEY (id);


--
-- Name: rls_filter_tables rls_filter_tables_pkey; Type: CONSTRAINT; Schema: public; Owner: superset
--

ALTER TABLE ONLY public.rls_filter_tables
    ADD CONSTRAINT rls_filter_tables_pkey PRIMARY KEY (id);


--
-- Name: row_level_security_filters row_level_security_filters_pkey; Type: CONSTRAINT; Schema: public; Owner: superset
--

ALTER TABLE ONLY public.row_level_security_filters
    ADD CONSTRAINT row_level_security_filters_pkey PRIMARY KEY (id);


--
-- Name: saved_query saved_query_pkey; Type: CONSTRAINT; Schema: public; Owner: superset
--

ALTER TABLE ONLY public.saved_query
    ADD CONSTRAINT saved_query_pkey PRIMARY KEY (id);


--
-- Name: sl_columns sl_columns_pkey; Type: CONSTRAINT; Schema: public; Owner: superset
--

ALTER TABLE ONLY public.sl_columns
    ADD CONSTRAINT sl_columns_pkey PRIMARY KEY (id);


--
-- Name: sl_columns sl_columns_uuid_key; Type: CONSTRAINT; Schema: public; Owner: superset
--

ALTER TABLE ONLY public.sl_columns
    ADD CONSTRAINT sl_columns_uuid_key UNIQUE (uuid);


--
-- Name: sl_dataset_columns sl_dataset_columns_pkey; Type: CONSTRAINT; Schema: public; Owner: superset
--

ALTER TABLE ONLY public.sl_dataset_columns
    ADD CONSTRAINT sl_dataset_columns_pkey PRIMARY KEY (dataset_id, column_id);


--
-- Name: sl_dataset_tables sl_dataset_tables_pkey; Type: CONSTRAINT; Schema: public; Owner: superset
--

ALTER TABLE ONLY public.sl_dataset_tables
    ADD CONSTRAINT sl_dataset_tables_pkey PRIMARY KEY (dataset_id, table_id);


--
-- Name: sl_dataset_users sl_dataset_users_pkey; Type: CONSTRAINT; Schema: public; Owner: superset
--

ALTER TABLE ONLY public.sl_dataset_users
    ADD CONSTRAINT sl_dataset_users_pkey PRIMARY KEY (dataset_id, user_id);


--
-- Name: sl_datasets sl_datasets_pkey; Type: CONSTRAINT; Schema: public; Owner: superset
--

ALTER TABLE ONLY public.sl_datasets
    ADD CONSTRAINT sl_datasets_pkey PRIMARY KEY (id);


--
-- Name: sl_datasets sl_datasets_uuid_key; Type: CONSTRAINT; Schema: public; Owner: superset
--

ALTER TABLE ONLY public.sl_datasets
    ADD CONSTRAINT sl_datasets_uuid_key UNIQUE (uuid);


--
-- Name: sl_table_columns sl_table_columns_pkey; Type: CONSTRAINT; Schema: public; Owner: superset
--

ALTER TABLE ONLY public.sl_table_columns
    ADD CONSTRAINT sl_table_columns_pkey PRIMARY KEY (table_id, column_id);


--
-- Name: sl_tables sl_tables_pkey; Type: CONSTRAINT; Schema: public; Owner: superset
--

ALTER TABLE ONLY public.sl_tables
    ADD CONSTRAINT sl_tables_pkey PRIMARY KEY (id);


--
-- Name: sl_tables sl_tables_uuid_key; Type: CONSTRAINT; Schema: public; Owner: superset
--

ALTER TABLE ONLY public.sl_tables
    ADD CONSTRAINT sl_tables_uuid_key UNIQUE (uuid);


--
-- Name: slice_user slice_user_pkey; Type: CONSTRAINT; Schema: public; Owner: superset
--

ALTER TABLE ONLY public.slice_user
    ADD CONSTRAINT slice_user_pkey PRIMARY KEY (id);


--
-- Name: slices slices_pkey; Type: CONSTRAINT; Schema: public; Owner: superset
--

ALTER TABLE ONLY public.slices
    ADD CONSTRAINT slices_pkey PRIMARY KEY (id);


--
-- Name: sql_metrics sql_metrics_pkey; Type: CONSTRAINT; Schema: public; Owner: superset
--

ALTER TABLE ONLY public.sql_metrics
    ADD CONSTRAINT sql_metrics_pkey PRIMARY KEY (id);


--
-- Name: sqlatable_user sqlatable_user_pkey; Type: CONSTRAINT; Schema: public; Owner: superset
--

ALTER TABLE ONLY public.sqlatable_user
    ADD CONSTRAINT sqlatable_user_pkey PRIMARY KEY (id);


--
-- Name: ssh_tunnels ssh_tunnels_pkey; Type: CONSTRAINT; Schema: public; Owner: superset
--

ALTER TABLE ONLY public.ssh_tunnels
    ADD CONSTRAINT ssh_tunnels_pkey PRIMARY KEY (id);


--
-- Name: tab_state tab_state_pkey; Type: CONSTRAINT; Schema: public; Owner: superset
--

ALTER TABLE ONLY public.tab_state
    ADD CONSTRAINT tab_state_pkey PRIMARY KEY (id);


--
-- Name: table_columns table_columns_pkey; Type: CONSTRAINT; Schema: public; Owner: superset
--

ALTER TABLE ONLY public.table_columns
    ADD CONSTRAINT table_columns_pkey PRIMARY KEY (id);


--
-- Name: table_schema table_schema_pkey; Type: CONSTRAINT; Schema: public; Owner: superset
--

ALTER TABLE ONLY public.table_schema
    ADD CONSTRAINT table_schema_pkey PRIMARY KEY (id);


--
-- Name: tables tables_pkey; Type: CONSTRAINT; Schema: public; Owner: superset
--

ALTER TABLE ONLY public.tables
    ADD CONSTRAINT tables_pkey PRIMARY KEY (id);


--
-- Name: tag tag_name_key; Type: CONSTRAINT; Schema: public; Owner: superset
--

ALTER TABLE ONLY public.tag
    ADD CONSTRAINT tag_name_key UNIQUE (name);


--
-- Name: tag tag_pkey; Type: CONSTRAINT; Schema: public; Owner: superset
--

ALTER TABLE ONLY public.tag
    ADD CONSTRAINT tag_pkey PRIMARY KEY (id);


--
-- Name: tagged_object tagged_object_pkey; Type: CONSTRAINT; Schema: public; Owner: superset
--

ALTER TABLE ONLY public.tagged_object
    ADD CONSTRAINT tagged_object_pkey PRIMARY KEY (id);


--
-- Name: tagged_object uix_tagged_object; Type: CONSTRAINT; Schema: public; Owner: superset
--

ALTER TABLE ONLY public.tagged_object
    ADD CONSTRAINT uix_tagged_object UNIQUE (tag_id, object_id, object_type);


--
-- Name: dashboard_slices uq_dashboard_slice; Type: CONSTRAINT; Schema: public; Owner: superset
--

ALTER TABLE ONLY public.dashboard_slices
    ADD CONSTRAINT uq_dashboard_slice UNIQUE (dashboard_id, slice_id);


--
-- Name: dashboards uq_dashboards_uuid; Type: CONSTRAINT; Schema: public; Owner: superset
--

ALTER TABLE ONLY public.dashboards
    ADD CONSTRAINT uq_dashboards_uuid UNIQUE (uuid);


--
-- Name: dbs uq_dbs_uuid; Type: CONSTRAINT; Schema: public; Owner: superset
--

ALTER TABLE ONLY public.dbs
    ADD CONSTRAINT uq_dbs_uuid UNIQUE (uuid);


--
-- Name: report_schedule uq_report_schedule_name_type; Type: CONSTRAINT; Schema: public; Owner: superset
--

ALTER TABLE ONLY public.report_schedule
    ADD CONSTRAINT uq_report_schedule_name_type UNIQUE (name, type);


--
-- Name: row_level_security_filters uq_rls_name; Type: CONSTRAINT; Schema: public; Owner: superset
--

ALTER TABLE ONLY public.row_level_security_filters
    ADD CONSTRAINT uq_rls_name UNIQUE (name);


--
-- Name: saved_query uq_saved_query_uuid; Type: CONSTRAINT; Schema: public; Owner: superset
--

ALTER TABLE ONLY public.saved_query
    ADD CONSTRAINT uq_saved_query_uuid UNIQUE (uuid);


--
-- Name: slices uq_slices_uuid; Type: CONSTRAINT; Schema: public; Owner: superset
--

ALTER TABLE ONLY public.slices
    ADD CONSTRAINT uq_slices_uuid UNIQUE (uuid);


--
-- Name: sql_metrics uq_sql_metrics_metric_name; Type: CONSTRAINT; Schema: public; Owner: superset
--

ALTER TABLE ONLY public.sql_metrics
    ADD CONSTRAINT uq_sql_metrics_metric_name UNIQUE (metric_name, table_id);


--
-- Name: sql_metrics uq_sql_metrics_uuid; Type: CONSTRAINT; Schema: public; Owner: superset
--

ALTER TABLE ONLY public.sql_metrics
    ADD CONSTRAINT uq_sql_metrics_uuid UNIQUE (uuid);


--
-- Name: table_columns uq_table_columns_column_name; Type: CONSTRAINT; Schema: public; Owner: superset
--

ALTER TABLE ONLY public.table_columns
    ADD CONSTRAINT uq_table_columns_column_name UNIQUE (column_name, table_id);


--
-- Name: table_columns uq_table_columns_uuid; Type: CONSTRAINT; Schema: public; Owner: superset
--

ALTER TABLE ONLY public.table_columns
    ADD CONSTRAINT uq_table_columns_uuid UNIQUE (uuid);


--
-- Name: tables uq_tables_uuid; Type: CONSTRAINT; Schema: public; Owner: superset
--

ALTER TABLE ONLY public.tables
    ADD CONSTRAINT uq_tables_uuid UNIQUE (uuid);


--
-- Name: user_attribute user_attribute_pkey; Type: CONSTRAINT; Schema: public; Owner: superset
--

ALTER TABLE ONLY public.user_attribute
    ADD CONSTRAINT user_attribute_pkey PRIMARY KEY (id);


--
-- Name: ix_cache_keys_datasource_uid; Type: INDEX; Schema: public; Owner: superset
--

CREATE INDEX ix_cache_keys_datasource_uid ON public.cache_keys USING btree (datasource_uid);


--
-- Name: ix_creation_method; Type: INDEX; Schema: public; Owner: superset
--

CREATE INDEX ix_creation_method ON public.report_schedule USING btree (creation_method);


--
-- Name: ix_key_value_expires_on; Type: INDEX; Schema: public; Owner: superset
--

CREATE INDEX ix_key_value_expires_on ON public.key_value USING btree (expires_on);


--
-- Name: ix_key_value_uuid; Type: INDEX; Schema: public; Owner: superset
--

CREATE UNIQUE INDEX ix_key_value_uuid ON public.key_value USING btree (uuid);


--
-- Name: ix_logs_user_id_dttm; Type: INDEX; Schema: public; Owner: superset
--

CREATE INDEX ix_logs_user_id_dttm ON public.logs USING btree (user_id, dttm);


--
-- Name: ix_query_results_key; Type: INDEX; Schema: public; Owner: superset
--

CREATE INDEX ix_query_results_key ON public.query USING btree (results_key);


--
-- Name: ix_report_execution_log_report_schedule_id; Type: INDEX; Schema: public; Owner: superset
--

CREATE INDEX ix_report_execution_log_report_schedule_id ON public.report_execution_log USING btree (report_schedule_id);


--
-- Name: ix_report_execution_log_start_dttm; Type: INDEX; Schema: public; Owner: superset
--

CREATE INDEX ix_report_execution_log_start_dttm ON public.report_execution_log USING btree (start_dttm);


--
-- Name: ix_report_recipient_report_schedule_id; Type: INDEX; Schema: public; Owner: superset
--

CREATE INDEX ix_report_recipient_report_schedule_id ON public.report_recipient USING btree (report_schedule_id);


--
-- Name: ix_report_schedule_active; Type: INDEX; Schema: public; Owner: superset
--

CREATE INDEX ix_report_schedule_active ON public.report_schedule USING btree (active);


--
-- Name: ix_row_level_security_filters_filter_type; Type: INDEX; Schema: public; Owner: superset
--

CREATE INDEX ix_row_level_security_filters_filter_type ON public.row_level_security_filters USING btree (filter_type);


--
-- Name: ix_ssh_tunnels_database_id; Type: INDEX; Schema: public; Owner: superset
--

CREATE UNIQUE INDEX ix_ssh_tunnels_database_id ON public.ssh_tunnels USING btree (database_id);


--
-- Name: ix_ssh_tunnels_uuid; Type: INDEX; Schema: public; Owner: superset
--

CREATE UNIQUE INDEX ix_ssh_tunnels_uuid ON public.ssh_tunnels USING btree (uuid);


--
-- Name: ix_tab_state_id; Type: INDEX; Schema: public; Owner: superset
--

CREATE UNIQUE INDEX ix_tab_state_id ON public.tab_state USING btree (id);


--
-- Name: ix_table_schema_id; Type: INDEX; Schema: public; Owner: superset
--

CREATE UNIQUE INDEX ix_table_schema_id ON public.table_schema USING btree (id);


--
-- Name: ix_tagged_object_object_id; Type: INDEX; Schema: public; Owner: superset
--

CREATE INDEX ix_tagged_object_object_id ON public.tagged_object USING btree (object_id);


--
-- Name: ti_dag_state; Type: INDEX; Schema: public; Owner: superset
--

CREATE INDEX ti_dag_state ON public.annotation USING btree (layer_id, start_dttm, end_dttm);


--
-- Name: ti_user_id_changed_on; Type: INDEX; Schema: public; Owner: superset
--

CREATE INDEX ti_user_id_changed_on ON public.query USING btree (user_id, changed_on);


--
-- Name: ab_permission_view ab_permission_view_permission_id_fkey; Type: FK CONSTRAINT; Schema: public; Owner: superset
--

ALTER TABLE ONLY public.ab_permission_view
    ADD CONSTRAINT ab_permission_view_permission_id_fkey FOREIGN KEY (permission_id) REFERENCES public.ab_permission(id);


--
-- Name: ab_permission_view_role ab_permission_view_role_permission_view_id_fkey; Type: FK CONSTRAINT; Schema: public; Owner: superset
--

ALTER TABLE ONLY public.ab_permission_view_role
    ADD CONSTRAINT ab_permission_view_role_permission_view_id_fkey FOREIGN KEY (permission_view_id) REFERENCES public.ab_permission_view(id);


--
-- Name: ab_permission_view_role ab_permission_view_role_role_id_fkey; Type: FK CONSTRAINT; Schema: public; Owner: superset
--

ALTER TABLE ONLY public.ab_permission_view_role
    ADD CONSTRAINT ab_permission_view_role_role_id_fkey FOREIGN KEY (role_id) REFERENCES public.ab_role(id);


--
-- Name: ab_permission_view ab_permission_view_view_menu_id_fkey; Type: FK CONSTRAINT; Schema: public; Owner: superset
--

ALTER TABLE ONLY public.ab_permission_view
    ADD CONSTRAINT ab_permission_view_view_menu_id_fkey FOREIGN KEY (view_menu_id) REFERENCES public.ab_view_menu(id);


--
-- Name: ab_user ab_user_changed_by_fk_fkey; Type: FK CONSTRAINT; Schema: public; Owner: superset
--

ALTER TABLE ONLY public.ab_user
    ADD CONSTRAINT ab_user_changed_by_fk_fkey FOREIGN KEY (changed_by_fk) REFERENCES public.ab_user(id);


--
-- Name: ab_user ab_user_created_by_fk_fkey; Type: FK CONSTRAINT; Schema: public; Owner: superset
--

ALTER TABLE ONLY public.ab_user
    ADD CONSTRAINT ab_user_created_by_fk_fkey FOREIGN KEY (created_by_fk) REFERENCES public.ab_user(id);


--
-- Name: ab_user_role ab_user_role_role_id_fkey; Type: FK CONSTRAINT; Schema: public; Owner: superset
--

ALTER TABLE ONLY public.ab_user_role
    ADD CONSTRAINT ab_user_role_role_id_fkey FOREIGN KEY (role_id) REFERENCES public.ab_role(id);


--
-- Name: ab_user_role ab_user_role_user_id_fkey; Type: FK CONSTRAINT; Schema: public; Owner: superset
--

ALTER TABLE ONLY public.ab_user_role
    ADD CONSTRAINT ab_user_role_user_id_fkey FOREIGN KEY (user_id) REFERENCES public.ab_user(id);


--
-- Name: annotation annotation_changed_by_fk_fkey; Type: FK CONSTRAINT; Schema: public; Owner: superset
--

ALTER TABLE ONLY public.annotation
    ADD CONSTRAINT annotation_changed_by_fk_fkey FOREIGN KEY (changed_by_fk) REFERENCES public.ab_user(id);


--
-- Name: annotation annotation_created_by_fk_fkey; Type: FK CONSTRAINT; Schema: public; Owner: superset
--

ALTER TABLE ONLY public.annotation
    ADD CONSTRAINT annotation_created_by_fk_fkey FOREIGN KEY (created_by_fk) REFERENCES public.ab_user(id);


--
-- Name: annotation_layer annotation_layer_changed_by_fk_fkey; Type: FK CONSTRAINT; Schema: public; Owner: superset
--

ALTER TABLE ONLY public.annotation_layer
    ADD CONSTRAINT annotation_layer_changed_by_fk_fkey FOREIGN KEY (changed_by_fk) REFERENCES public.ab_user(id);


--
-- Name: annotation_layer annotation_layer_created_by_fk_fkey; Type: FK CONSTRAINT; Schema: public; Owner: superset
--

ALTER TABLE ONLY public.annotation_layer
    ADD CONSTRAINT annotation_layer_created_by_fk_fkey FOREIGN KEY (created_by_fk) REFERENCES public.ab_user(id);


--
-- Name: annotation annotation_layer_id_fkey; Type: FK CONSTRAINT; Schema: public; Owner: superset
--

ALTER TABLE ONLY public.annotation
    ADD CONSTRAINT annotation_layer_id_fkey FOREIGN KEY (layer_id) REFERENCES public.annotation_layer(id);


--
-- Name: css_templates css_templates_changed_by_fk_fkey; Type: FK CONSTRAINT; Schema: public; Owner: superset
--

ALTER TABLE ONLY public.css_templates
    ADD CONSTRAINT css_templates_changed_by_fk_fkey FOREIGN KEY (changed_by_fk) REFERENCES public.ab_user(id);


--
-- Name: css_templates css_templates_created_by_fk_fkey; Type: FK CONSTRAINT; Schema: public; Owner: superset
--

ALTER TABLE ONLY public.css_templates
    ADD CONSTRAINT css_templates_created_by_fk_fkey FOREIGN KEY (created_by_fk) REFERENCES public.ab_user(id);


--
-- Name: dashboards dashboards_changed_by_fk_fkey; Type: FK CONSTRAINT; Schema: public; Owner: superset
--

ALTER TABLE ONLY public.dashboards
    ADD CONSTRAINT dashboards_changed_by_fk_fkey FOREIGN KEY (changed_by_fk) REFERENCES public.ab_user(id);


--
-- Name: dashboards dashboards_created_by_fk_fkey; Type: FK CONSTRAINT; Schema: public; Owner: superset
--

ALTER TABLE ONLY public.dashboards
    ADD CONSTRAINT dashboards_created_by_fk_fkey FOREIGN KEY (created_by_fk) REFERENCES public.ab_user(id);


--
-- Name: dbs dbs_changed_by_fk_fkey; Type: FK CONSTRAINT; Schema: public; Owner: superset
--

ALTER TABLE ONLY public.dbs
    ADD CONSTRAINT dbs_changed_by_fk_fkey FOREIGN KEY (changed_by_fk) REFERENCES public.ab_user(id);


--
-- Name: dbs dbs_created_by_fk_fkey; Type: FK CONSTRAINT; Schema: public; Owner: superset
--

ALTER TABLE ONLY public.dbs
    ADD CONSTRAINT dbs_created_by_fk_fkey FOREIGN KEY (created_by_fk) REFERENCES public.ab_user(id);


--
-- Name: dynamic_plugin dynamic_plugin_changed_by_fk_fkey; Type: FK CONSTRAINT; Schema: public; Owner: superset
--

ALTER TABLE ONLY public.dynamic_plugin
    ADD CONSTRAINT dynamic_plugin_changed_by_fk_fkey FOREIGN KEY (changed_by_fk) REFERENCES public.ab_user(id);


--
-- Name: dynamic_plugin dynamic_plugin_created_by_fk_fkey; Type: FK CONSTRAINT; Schema: public; Owner: superset
--

ALTER TABLE ONLY public.dynamic_plugin
    ADD CONSTRAINT dynamic_plugin_created_by_fk_fkey FOREIGN KEY (created_by_fk) REFERENCES public.ab_user(id);


--
-- Name: favstar favstar_user_id_fkey; Type: FK CONSTRAINT; Schema: public; Owner: superset
--

ALTER TABLE ONLY public.favstar
    ADD CONSTRAINT favstar_user_id_fkey FOREIGN KEY (user_id) REFERENCES public.ab_user(id);


--
-- Name: dashboard_roles fk_dashboard_roles_dashboard_id_dashboards; Type: FK CONSTRAINT; Schema: public; Owner: superset
--

ALTER TABLE ONLY public.dashboard_roles
    ADD CONSTRAINT fk_dashboard_roles_dashboard_id_dashboards FOREIGN KEY (dashboard_id) REFERENCES public.dashboards(id) ON DELETE CASCADE;


--
-- Name: dashboard_roles fk_dashboard_roles_role_id_ab_role; Type: FK CONSTRAINT; Schema: public; Owner: superset
--

ALTER TABLE ONLY public.dashboard_roles
    ADD CONSTRAINT fk_dashboard_roles_role_id_ab_role FOREIGN KEY (role_id) REFERENCES public.ab_role(id) ON DELETE CASCADE;


--
-- Name: dashboard_slices fk_dashboard_slices_dashboard_id_dashboards; Type: FK CONSTRAINT; Schema: public; Owner: superset
--

ALTER TABLE ONLY public.dashboard_slices
    ADD CONSTRAINT fk_dashboard_slices_dashboard_id_dashboards FOREIGN KEY (dashboard_id) REFERENCES public.dashboards(id) ON DELETE CASCADE;


--
-- Name: dashboard_slices fk_dashboard_slices_slice_id_slices; Type: FK CONSTRAINT; Schema: public; Owner: superset
--

ALTER TABLE ONLY public.dashboard_slices
    ADD CONSTRAINT fk_dashboard_slices_slice_id_slices FOREIGN KEY (slice_id) REFERENCES public.slices(id) ON DELETE CASCADE;


--
-- Name: dashboard_user fk_dashboard_user_dashboard_id_dashboards; Type: FK CONSTRAINT; Schema: public; Owner: superset
--

ALTER TABLE ONLY public.dashboard_user
    ADD CONSTRAINT fk_dashboard_user_dashboard_id_dashboards FOREIGN KEY (dashboard_id) REFERENCES public.dashboards(id) ON DELETE CASCADE;


--
-- Name: dashboard_user fk_dashboard_user_user_id_ab_user; Type: FK CONSTRAINT; Schema: public; Owner: superset
--

ALTER TABLE ONLY public.dashboard_user
    ADD CONSTRAINT fk_dashboard_user_user_id_ab_user FOREIGN KEY (user_id) REFERENCES public.ab_user(id) ON DELETE CASCADE;


--
-- Name: embedded_dashboards fk_embedded_dashboards_dashboard_id_dashboards; Type: FK CONSTRAINT; Schema: public; Owner: superset
--

ALTER TABLE ONLY public.embedded_dashboards
    ADD CONSTRAINT fk_embedded_dashboards_dashboard_id_dashboards FOREIGN KEY (dashboard_id) REFERENCES public.dashboards(id) ON DELETE CASCADE;


--
-- Name: report_schedule_user fk_report_schedule_user_report_schedule_id_report_schedule; Type: FK CONSTRAINT; Schema: public; Owner: superset
--

ALTER TABLE ONLY public.report_schedule_user
    ADD CONSTRAINT fk_report_schedule_user_report_schedule_id_report_schedule FOREIGN KEY (report_schedule_id) REFERENCES public.report_schedule(id) ON DELETE CASCADE;


--
-- Name: report_schedule_user fk_report_schedule_user_user_id_ab_user; Type: FK CONSTRAINT; Schema: public; Owner: superset
--

ALTER TABLE ONLY public.report_schedule_user
    ADD CONSTRAINT fk_report_schedule_user_user_id_ab_user FOREIGN KEY (user_id) REFERENCES public.ab_user(id) ON DELETE CASCADE;


--
-- Name: slice_user fk_slice_user_slice_id_slices; Type: FK CONSTRAINT; Schema: public; Owner: superset
--

ALTER TABLE ONLY public.slice_user
    ADD CONSTRAINT fk_slice_user_slice_id_slices FOREIGN KEY (slice_id) REFERENCES public.slices(id) ON DELETE CASCADE;


--
-- Name: slice_user fk_slice_user_user_id_ab_user; Type: FK CONSTRAINT; Schema: public; Owner: superset
--

ALTER TABLE ONLY public.slice_user
    ADD CONSTRAINT fk_slice_user_user_id_ab_user FOREIGN KEY (user_id) REFERENCES public.ab_user(id) ON DELETE CASCADE;


--
-- Name: sql_metrics fk_sql_metrics_table_id_tables; Type: FK CONSTRAINT; Schema: public; Owner: superset
--

ALTER TABLE ONLY public.sql_metrics
    ADD CONSTRAINT fk_sql_metrics_table_id_tables FOREIGN KEY (table_id) REFERENCES public.tables(id) ON DELETE CASCADE;


--
-- Name: sqlatable_user fk_sqlatable_user_table_id_tables; Type: FK CONSTRAINT; Schema: public; Owner: superset
--

ALTER TABLE ONLY public.sqlatable_user
    ADD CONSTRAINT fk_sqlatable_user_table_id_tables FOREIGN KEY (table_id) REFERENCES public.tables(id) ON DELETE CASCADE;


--
-- Name: sqlatable_user fk_sqlatable_user_user_id_ab_user; Type: FK CONSTRAINT; Schema: public; Owner: superset
--

ALTER TABLE ONLY public.sqlatable_user
    ADD CONSTRAINT fk_sqlatable_user_user_id_ab_user FOREIGN KEY (user_id) REFERENCES public.ab_user(id) ON DELETE CASCADE;


--
-- Name: table_columns fk_table_columns_table_id_tables; Type: FK CONSTRAINT; Schema: public; Owner: superset
--

ALTER TABLE ONLY public.table_columns
    ADD CONSTRAINT fk_table_columns_table_id_tables FOREIGN KEY (table_id) REFERENCES public.tables(id) ON DELETE CASCADE;


--
-- Name: key_value key_value_changed_by_fk_fkey; Type: FK CONSTRAINT; Schema: public; Owner: superset
--

ALTER TABLE ONLY public.key_value
    ADD CONSTRAINT key_value_changed_by_fk_fkey FOREIGN KEY (changed_by_fk) REFERENCES public.ab_user(id);


--
-- Name: key_value key_value_created_by_fk_fkey; Type: FK CONSTRAINT; Schema: public; Owner: superset
--

ALTER TABLE ONLY public.key_value
    ADD CONSTRAINT key_value_created_by_fk_fkey FOREIGN KEY (created_by_fk) REFERENCES public.ab_user(id);


--
-- Name: logs logs_user_id_fkey; Type: FK CONSTRAINT; Schema: public; Owner: superset
--

ALTER TABLE ONLY public.logs
    ADD CONSTRAINT logs_user_id_fkey FOREIGN KEY (user_id) REFERENCES public.ab_user(id);


--
-- Name: query query_database_id_fkey; Type: FK CONSTRAINT; Schema: public; Owner: superset
--

ALTER TABLE ONLY public.query
    ADD CONSTRAINT query_database_id_fkey FOREIGN KEY (database_id) REFERENCES public.dbs(id);


--
-- Name: query query_user_id_fkey; Type: FK CONSTRAINT; Schema: public; Owner: superset
--

ALTER TABLE ONLY public.query
    ADD CONSTRAINT query_user_id_fkey FOREIGN KEY (user_id) REFERENCES public.ab_user(id);


--
-- Name: report_execution_log report_execution_log_report_schedule_id_fkey; Type: FK CONSTRAINT; Schema: public; Owner: superset
--

ALTER TABLE ONLY public.report_execution_log
    ADD CONSTRAINT report_execution_log_report_schedule_id_fkey FOREIGN KEY (report_schedule_id) REFERENCES public.report_schedule(id);


--
-- Name: report_recipient report_recipient_changed_by_fk_fkey; Type: FK CONSTRAINT; Schema: public; Owner: superset
--

ALTER TABLE ONLY public.report_recipient
    ADD CONSTRAINT report_recipient_changed_by_fk_fkey FOREIGN KEY (changed_by_fk) REFERENCES public.ab_user(id);


--
-- Name: report_recipient report_recipient_created_by_fk_fkey; Type: FK CONSTRAINT; Schema: public; Owner: superset
--

ALTER TABLE ONLY public.report_recipient
    ADD CONSTRAINT report_recipient_created_by_fk_fkey FOREIGN KEY (created_by_fk) REFERENCES public.ab_user(id);


--
-- Name: report_recipient report_recipient_report_schedule_id_fkey; Type: FK CONSTRAINT; Schema: public; Owner: superset
--

ALTER TABLE ONLY public.report_recipient
    ADD CONSTRAINT report_recipient_report_schedule_id_fkey FOREIGN KEY (report_schedule_id) REFERENCES public.report_schedule(id);


--
-- Name: report_schedule report_schedule_changed_by_fk_fkey; Type: FK CONSTRAINT; Schema: public; Owner: superset
--

ALTER TABLE ONLY public.report_schedule
    ADD CONSTRAINT report_schedule_changed_by_fk_fkey FOREIGN KEY (changed_by_fk) REFERENCES public.ab_user(id);


--
-- Name: report_schedule report_schedule_chart_id_fkey; Type: FK CONSTRAINT; Schema: public; Owner: superset
--

ALTER TABLE ONLY public.report_schedule
    ADD CONSTRAINT report_schedule_chart_id_fkey FOREIGN KEY (chart_id) REFERENCES public.slices(id);


--
-- Name: report_schedule report_schedule_created_by_fk_fkey; Type: FK CONSTRAINT; Schema: public; Owner: superset
--

ALTER TABLE ONLY public.report_schedule
    ADD CONSTRAINT report_schedule_created_by_fk_fkey FOREIGN KEY (created_by_fk) REFERENCES public.ab_user(id);


--
-- Name: report_schedule report_schedule_dashboard_id_fkey; Type: FK CONSTRAINT; Schema: public; Owner: superset
--

ALTER TABLE ONLY public.report_schedule
    ADD CONSTRAINT report_schedule_dashboard_id_fkey FOREIGN KEY (dashboard_id) REFERENCES public.dashboards(id);


--
-- Name: report_schedule report_schedule_database_id_fkey; Type: FK CONSTRAINT; Schema: public; Owner: superset
--

ALTER TABLE ONLY public.report_schedule
    ADD CONSTRAINT report_schedule_database_id_fkey FOREIGN KEY (database_id) REFERENCES public.dbs(id);


--
-- Name: rls_filter_roles rls_filter_roles_rls_filter_id_fkey; Type: FK CONSTRAINT; Schema: public; Owner: superset
--

ALTER TABLE ONLY public.rls_filter_roles
    ADD CONSTRAINT rls_filter_roles_rls_filter_id_fkey FOREIGN KEY (rls_filter_id) REFERENCES public.row_level_security_filters(id);


--
-- Name: rls_filter_roles rls_filter_roles_role_id_fkey; Type: FK CONSTRAINT; Schema: public; Owner: superset
--

ALTER TABLE ONLY public.rls_filter_roles
    ADD CONSTRAINT rls_filter_roles_role_id_fkey FOREIGN KEY (role_id) REFERENCES public.ab_role(id);


--
-- Name: rls_filter_tables rls_filter_tables_rls_filter_id_fkey; Type: FK CONSTRAINT; Schema: public; Owner: superset
--

ALTER TABLE ONLY public.rls_filter_tables
    ADD CONSTRAINT rls_filter_tables_rls_filter_id_fkey FOREIGN KEY (rls_filter_id) REFERENCES public.row_level_security_filters(id);


--
-- Name: rls_filter_tables rls_filter_tables_table_id_fkey; Type: FK CONSTRAINT; Schema: public; Owner: superset
--

ALTER TABLE ONLY public.rls_filter_tables
    ADD CONSTRAINT rls_filter_tables_table_id_fkey FOREIGN KEY (table_id) REFERENCES public.tables(id);


--
-- Name: row_level_security_filters row_level_security_filters_changed_by_fk_fkey; Type: FK CONSTRAINT; Schema: public; Owner: superset
--

ALTER TABLE ONLY public.row_level_security_filters
    ADD CONSTRAINT row_level_security_filters_changed_by_fk_fkey FOREIGN KEY (changed_by_fk) REFERENCES public.ab_user(id);


--
-- Name: row_level_security_filters row_level_security_filters_created_by_fk_fkey; Type: FK CONSTRAINT; Schema: public; Owner: superset
--

ALTER TABLE ONLY public.row_level_security_filters
    ADD CONSTRAINT row_level_security_filters_created_by_fk_fkey FOREIGN KEY (created_by_fk) REFERENCES public.ab_user(id);


--
-- Name: saved_query saved_query_changed_by_fk_fkey; Type: FK CONSTRAINT; Schema: public; Owner: superset
--

ALTER TABLE ONLY public.saved_query
    ADD CONSTRAINT saved_query_changed_by_fk_fkey FOREIGN KEY (changed_by_fk) REFERENCES public.ab_user(id);


--
-- Name: saved_query saved_query_created_by_fk_fkey; Type: FK CONSTRAINT; Schema: public; Owner: superset
--

ALTER TABLE ONLY public.saved_query
    ADD CONSTRAINT saved_query_created_by_fk_fkey FOREIGN KEY (created_by_fk) REFERENCES public.ab_user(id);


--
-- Name: saved_query saved_query_db_id_fkey; Type: FK CONSTRAINT; Schema: public; Owner: superset
--

ALTER TABLE ONLY public.saved_query
    ADD CONSTRAINT saved_query_db_id_fkey FOREIGN KEY (db_id) REFERENCES public.dbs(id);


--
-- Name: tab_state saved_query_id; Type: FK CONSTRAINT; Schema: public; Owner: superset
--

ALTER TABLE ONLY public.tab_state
    ADD CONSTRAINT saved_query_id FOREIGN KEY (saved_query_id) REFERENCES public.saved_query(id) ON DELETE SET NULL;


--
-- Name: saved_query saved_query_user_id_fkey; Type: FK CONSTRAINT; Schema: public; Owner: superset
--

ALTER TABLE ONLY public.saved_query
    ADD CONSTRAINT saved_query_user_id_fkey FOREIGN KEY (user_id) REFERENCES public.ab_user(id);


--
-- Name: sl_columns sl_columns_changed_by_fk_fkey; Type: FK CONSTRAINT; Schema: public; Owner: superset
--

ALTER TABLE ONLY public.sl_columns
    ADD CONSTRAINT sl_columns_changed_by_fk_fkey FOREIGN KEY (changed_by_fk) REFERENCES public.ab_user(id);


--
-- Name: sl_columns sl_columns_created_by_fk_fkey; Type: FK CONSTRAINT; Schema: public; Owner: superset
--

ALTER TABLE ONLY public.sl_columns
    ADD CONSTRAINT sl_columns_created_by_fk_fkey FOREIGN KEY (created_by_fk) REFERENCES public.ab_user(id);


--
-- Name: sl_dataset_columns sl_dataset_columns_column_id_fkey; Type: FK CONSTRAINT; Schema: public; Owner: superset
--

ALTER TABLE ONLY public.sl_dataset_columns
    ADD CONSTRAINT sl_dataset_columns_column_id_fkey FOREIGN KEY (column_id) REFERENCES public.sl_columns(id);


--
-- Name: sl_dataset_columns sl_dataset_columns_dataset_id_fkey; Type: FK CONSTRAINT; Schema: public; Owner: superset
--

ALTER TABLE ONLY public.sl_dataset_columns
    ADD CONSTRAINT sl_dataset_columns_dataset_id_fkey FOREIGN KEY (dataset_id) REFERENCES public.sl_datasets(id);


--
-- Name: sl_dataset_tables sl_dataset_tables_dataset_id_fkey; Type: FK CONSTRAINT; Schema: public; Owner: superset
--

ALTER TABLE ONLY public.sl_dataset_tables
    ADD CONSTRAINT sl_dataset_tables_dataset_id_fkey FOREIGN KEY (dataset_id) REFERENCES public.sl_datasets(id);


--
-- Name: sl_dataset_tables sl_dataset_tables_table_id_fkey; Type: FK CONSTRAINT; Schema: public; Owner: superset
--

ALTER TABLE ONLY public.sl_dataset_tables
    ADD CONSTRAINT sl_dataset_tables_table_id_fkey FOREIGN KEY (table_id) REFERENCES public.sl_tables(id);


--
-- Name: sl_dataset_users sl_dataset_users_dataset_id_fkey; Type: FK CONSTRAINT; Schema: public; Owner: superset
--

ALTER TABLE ONLY public.sl_dataset_users
    ADD CONSTRAINT sl_dataset_users_dataset_id_fkey FOREIGN KEY (dataset_id) REFERENCES public.sl_datasets(id);


--
-- Name: sl_dataset_users sl_dataset_users_user_id_fkey; Type: FK CONSTRAINT; Schema: public; Owner: superset
--

ALTER TABLE ONLY public.sl_dataset_users
    ADD CONSTRAINT sl_dataset_users_user_id_fkey FOREIGN KEY (user_id) REFERENCES public.ab_user(id);


--
-- Name: sl_datasets sl_datasets_changed_by_fk_fkey; Type: FK CONSTRAINT; Schema: public; Owner: superset
--

ALTER TABLE ONLY public.sl_datasets
    ADD CONSTRAINT sl_datasets_changed_by_fk_fkey FOREIGN KEY (changed_by_fk) REFERENCES public.ab_user(id);


--
-- Name: sl_datasets sl_datasets_created_by_fk_fkey; Type: FK CONSTRAINT; Schema: public; Owner: superset
--

ALTER TABLE ONLY public.sl_datasets
    ADD CONSTRAINT sl_datasets_created_by_fk_fkey FOREIGN KEY (created_by_fk) REFERENCES public.ab_user(id);


--
-- Name: sl_datasets sl_datasets_database_id_fkey; Type: FK CONSTRAINT; Schema: public; Owner: superset
--

ALTER TABLE ONLY public.sl_datasets
    ADD CONSTRAINT sl_datasets_database_id_fkey FOREIGN KEY (database_id) REFERENCES public.dbs(id);


--
-- Name: sl_table_columns sl_table_columns_column_id_fkey; Type: FK CONSTRAINT; Schema: public; Owner: superset
--

ALTER TABLE ONLY public.sl_table_columns
    ADD CONSTRAINT sl_table_columns_column_id_fkey FOREIGN KEY (column_id) REFERENCES public.sl_columns(id);


--
-- Name: sl_table_columns sl_table_columns_table_id_fkey; Type: FK CONSTRAINT; Schema: public; Owner: superset
--

ALTER TABLE ONLY public.sl_table_columns
    ADD CONSTRAINT sl_table_columns_table_id_fkey FOREIGN KEY (table_id) REFERENCES public.sl_tables(id);


--
-- Name: sl_tables sl_tables_changed_by_fk_fkey; Type: FK CONSTRAINT; Schema: public; Owner: superset
--

ALTER TABLE ONLY public.sl_tables
    ADD CONSTRAINT sl_tables_changed_by_fk_fkey FOREIGN KEY (changed_by_fk) REFERENCES public.ab_user(id);


--
-- Name: sl_tables sl_tables_created_by_fk_fkey; Type: FK CONSTRAINT; Schema: public; Owner: superset
--

ALTER TABLE ONLY public.sl_tables
    ADD CONSTRAINT sl_tables_created_by_fk_fkey FOREIGN KEY (created_by_fk) REFERENCES public.ab_user(id);


--
-- Name: sl_tables sl_tables_database_id_fkey; Type: FK CONSTRAINT; Schema: public; Owner: superset
--

ALTER TABLE ONLY public.sl_tables
    ADD CONSTRAINT sl_tables_database_id_fkey FOREIGN KEY (database_id) REFERENCES public.dbs(id);


--
-- Name: slices slices_changed_by_fk_fkey; Type: FK CONSTRAINT; Schema: public; Owner: superset
--

ALTER TABLE ONLY public.slices
    ADD CONSTRAINT slices_changed_by_fk_fkey FOREIGN KEY (changed_by_fk) REFERENCES public.ab_user(id);


--
-- Name: slices slices_created_by_fk_fkey; Type: FK CONSTRAINT; Schema: public; Owner: superset
--

ALTER TABLE ONLY public.slices
    ADD CONSTRAINT slices_created_by_fk_fkey FOREIGN KEY (created_by_fk) REFERENCES public.ab_user(id);


--
-- Name: slices slices_last_saved_by_fk; Type: FK CONSTRAINT; Schema: public; Owner: superset
--

ALTER TABLE ONLY public.slices
    ADD CONSTRAINT slices_last_saved_by_fk FOREIGN KEY (last_saved_by_fk) REFERENCES public.ab_user(id);


--
-- Name: sql_metrics sql_metrics_changed_by_fk_fkey; Type: FK CONSTRAINT; Schema: public; Owner: superset
--

ALTER TABLE ONLY public.sql_metrics
    ADD CONSTRAINT sql_metrics_changed_by_fk_fkey FOREIGN KEY (changed_by_fk) REFERENCES public.ab_user(id);


--
-- Name: sql_metrics sql_metrics_created_by_fk_fkey; Type: FK CONSTRAINT; Schema: public; Owner: superset
--

ALTER TABLE ONLY public.sql_metrics
    ADD CONSTRAINT sql_metrics_created_by_fk_fkey FOREIGN KEY (created_by_fk) REFERENCES public.ab_user(id);


--
-- Name: ssh_tunnels ssh_tunnels_database_id_fkey; Type: FK CONSTRAINT; Schema: public; Owner: superset
--

ALTER TABLE ONLY public.ssh_tunnels
    ADD CONSTRAINT ssh_tunnels_database_id_fkey FOREIGN KEY (database_id) REFERENCES public.dbs(id);


--
-- Name: tab_state tab_state_changed_by_fk_fkey; Type: FK CONSTRAINT; Schema: public; Owner: superset
--

ALTER TABLE ONLY public.tab_state
    ADD CONSTRAINT tab_state_changed_by_fk_fkey FOREIGN KEY (changed_by_fk) REFERENCES public.ab_user(id);


--
-- Name: tab_state tab_state_created_by_fk_fkey; Type: FK CONSTRAINT; Schema: public; Owner: superset
--

ALTER TABLE ONLY public.tab_state
    ADD CONSTRAINT tab_state_created_by_fk_fkey FOREIGN KEY (created_by_fk) REFERENCES public.ab_user(id);


--
-- Name: tab_state tab_state_database_id_fkey; Type: FK CONSTRAINT; Schema: public; Owner: superset
--

ALTER TABLE ONLY public.tab_state
    ADD CONSTRAINT tab_state_database_id_fkey FOREIGN KEY (database_id) REFERENCES public.dbs(id) ON DELETE CASCADE;


--
-- Name: tab_state tab_state_latest_query_id_fkey; Type: FK CONSTRAINT; Schema: public; Owner: superset
--

ALTER TABLE ONLY public.tab_state
    ADD CONSTRAINT tab_state_latest_query_id_fkey FOREIGN KEY (latest_query_id) REFERENCES public.query(client_id) ON DELETE SET NULL;


--
-- Name: tab_state tab_state_user_id_fkey; Type: FK CONSTRAINT; Schema: public; Owner: superset
--

ALTER TABLE ONLY public.tab_state
    ADD CONSTRAINT tab_state_user_id_fkey FOREIGN KEY (user_id) REFERENCES public.ab_user(id);


--
-- Name: table_columns table_columns_changed_by_fk_fkey; Type: FK CONSTRAINT; Schema: public; Owner: superset
--

ALTER TABLE ONLY public.table_columns
    ADD CONSTRAINT table_columns_changed_by_fk_fkey FOREIGN KEY (changed_by_fk) REFERENCES public.ab_user(id);


--
-- Name: table_columns table_columns_created_by_fk_fkey; Type: FK CONSTRAINT; Schema: public; Owner: superset
--

ALTER TABLE ONLY public.table_columns
    ADD CONSTRAINT table_columns_created_by_fk_fkey FOREIGN KEY (created_by_fk) REFERENCES public.ab_user(id);


--
-- Name: table_schema table_schema_changed_by_fk_fkey; Type: FK CONSTRAINT; Schema: public; Owner: superset
--

ALTER TABLE ONLY public.table_schema
    ADD CONSTRAINT table_schema_changed_by_fk_fkey FOREIGN KEY (changed_by_fk) REFERENCES public.ab_user(id);


--
-- Name: table_schema table_schema_created_by_fk_fkey; Type: FK CONSTRAINT; Schema: public; Owner: superset
--

ALTER TABLE ONLY public.table_schema
    ADD CONSTRAINT table_schema_created_by_fk_fkey FOREIGN KEY (created_by_fk) REFERENCES public.ab_user(id);


--
-- Name: table_schema table_schema_database_id_fkey; Type: FK CONSTRAINT; Schema: public; Owner: superset
--

ALTER TABLE ONLY public.table_schema
    ADD CONSTRAINT table_schema_database_id_fkey FOREIGN KEY (database_id) REFERENCES public.dbs(id) ON DELETE CASCADE;


--
-- Name: table_schema table_schema_tab_state_id_fkey; Type: FK CONSTRAINT; Schema: public; Owner: superset
--

ALTER TABLE ONLY public.table_schema
    ADD CONSTRAINT table_schema_tab_state_id_fkey FOREIGN KEY (tab_state_id) REFERENCES public.tab_state(id) ON DELETE CASCADE;


--
-- Name: tables tables_changed_by_fk_fkey; Type: FK CONSTRAINT; Schema: public; Owner: superset
--

ALTER TABLE ONLY public.tables
    ADD CONSTRAINT tables_changed_by_fk_fkey FOREIGN KEY (changed_by_fk) REFERENCES public.ab_user(id);


--
-- Name: tables tables_created_by_fk_fkey; Type: FK CONSTRAINT; Schema: public; Owner: superset
--

ALTER TABLE ONLY public.tables
    ADD CONSTRAINT tables_created_by_fk_fkey FOREIGN KEY (created_by_fk) REFERENCES public.ab_user(id);


--
-- Name: tables tables_database_id_fkey; Type: FK CONSTRAINT; Schema: public; Owner: superset
--

ALTER TABLE ONLY public.tables
    ADD CONSTRAINT tables_database_id_fkey FOREIGN KEY (database_id) REFERENCES public.dbs(id);


--
-- Name: tag tag_changed_by_fk_fkey; Type: FK CONSTRAINT; Schema: public; Owner: superset
--

ALTER TABLE ONLY public.tag
    ADD CONSTRAINT tag_changed_by_fk_fkey FOREIGN KEY (changed_by_fk) REFERENCES public.ab_user(id);


--
-- Name: tag tag_created_by_fk_fkey; Type: FK CONSTRAINT; Schema: public; Owner: superset
--

ALTER TABLE ONLY public.tag
    ADD CONSTRAINT tag_created_by_fk_fkey FOREIGN KEY (created_by_fk) REFERENCES public.ab_user(id);


--
-- Name: tagged_object tagged_object_changed_by_fk_fkey; Type: FK CONSTRAINT; Schema: public; Owner: superset
--

ALTER TABLE ONLY public.tagged_object
    ADD CONSTRAINT tagged_object_changed_by_fk_fkey FOREIGN KEY (changed_by_fk) REFERENCES public.ab_user(id);


--
-- Name: tagged_object tagged_object_created_by_fk_fkey; Type: FK CONSTRAINT; Schema: public; Owner: superset
--

ALTER TABLE ONLY public.tagged_object
    ADD CONSTRAINT tagged_object_created_by_fk_fkey FOREIGN KEY (created_by_fk) REFERENCES public.ab_user(id);


--
-- Name: tagged_object tagged_object_tag_id_fkey; Type: FK CONSTRAINT; Schema: public; Owner: superset
--

ALTER TABLE ONLY public.tagged_object
    ADD CONSTRAINT tagged_object_tag_id_fkey FOREIGN KEY (tag_id) REFERENCES public.tag(id);


--
-- Name: user_attribute user_attribute_changed_by_fk_fkey; Type: FK CONSTRAINT; Schema: public; Owner: superset
--

ALTER TABLE ONLY public.user_attribute
    ADD CONSTRAINT user_attribute_changed_by_fk_fkey FOREIGN KEY (changed_by_fk) REFERENCES public.ab_user(id);


--
-- Name: user_attribute user_attribute_created_by_fk_fkey; Type: FK CONSTRAINT; Schema: public; Owner: superset
--

ALTER TABLE ONLY public.user_attribute
    ADD CONSTRAINT user_attribute_created_by_fk_fkey FOREIGN KEY (created_by_fk) REFERENCES public.ab_user(id);


--
-- Name: user_attribute user_attribute_user_id_fkey; Type: FK CONSTRAINT; Schema: public; Owner: superset
--

ALTER TABLE ONLY public.user_attribute
    ADD CONSTRAINT user_attribute_user_id_fkey FOREIGN KEY (user_id) REFERENCES public.ab_user(id);


--
-- Name: user_attribute user_attribute_welcome_dashboard_id_fkey; Type: FK CONSTRAINT; Schema: public; Owner: superset
--

ALTER TABLE ONLY public.user_attribute
    ADD CONSTRAINT user_attribute_welcome_dashboard_id_fkey FOREIGN KEY (welcome_dashboard_id) REFERENCES public.dashboards(id);


--
-- Name: user_favorite_tag user_favorite_tag_tag_id_fkey; Type: FK CONSTRAINT; Schema: public; Owner: superset
--

ALTER TABLE ONLY public.user_favorite_tag
    ADD CONSTRAINT user_favorite_tag_tag_id_fkey FOREIGN KEY (tag_id) REFERENCES public.tag(id);


--
-- Name: user_favorite_tag user_favorite_tag_user_id_fkey; Type: FK CONSTRAINT; Schema: public; Owner: superset
--

ALTER TABLE ONLY public.user_favorite_tag
    ADD CONSTRAINT user_favorite_tag_user_id_fkey FOREIGN KEY (user_id) REFERENCES public.ab_user(id);


--
-- PostgreSQL database dump complete
--

